{"type":"FeatureCollection","features":[{"type":"Feature","geometry":{"type":"Polygon","coordinates":[[[-96.834109999821777,33.405498000089395],[-96.834638999726295,33.405490999687288],[-96.834775999993624,33.40548899967942],[-96.841170999601758,33.405589000016093],[-96.841116000248505,33.411302999762839],[-96.841116000248505,33.41132400031222],[-96.841112000050515,33.411694999682688],[-96.84110100017989,33.412872000368502],[-96.841097999806834,33.413265999784372],[-96.841097999806834,33.413288000148214],[-96.841097999806834,33.413353999706601],[-96.841097999806834,33.413377000336205],[-96.842928999917831,33.413403999861266],[-96.853689999554675,33.413612999761249],[-96.865261000201741,33.413837999934572],[-96.868263000099702,33.413924999745305],[-96.872214000026702,33.413994999943469],[-96.874672999776422,33.414060999714422],[-96.875071999984598,33.414090999866396],[-96.875579000147809,33.414098999855185],[-96.875769999943515,33.414065000085216],[-96.875887000119377,33.413948000223712],[-96.875929999777085,33.413520000169235],[-96.876564999986812,33.413531000319679],[-96.884994999920451,33.413876999705359],[-96.886276000210543,33.413916000208502],[-96.888082000207191,33.413983999851794],[-96.891590000443429,33.414098999855185],[-96.893259999997639,33.414170000192044],[-96.893485999953455,33.414176000365707],[-96.894322000004621,33.414202000113654],[-96.895900000395642,33.414249999973983],[-96.900884000017342,33.414444999977299],[-96.90188499992496,33.414484000225301],[-96.903691999746513,33.414512999956187],[-96.90613999962558,33.414588999825547],[-96.907111000294293,33.41459900031645],[-96.907261999907021,33.414601999638677],[-96.907699999574945,33.414613999925898],[-96.908152000384888,33.414642000089728],[-96.908656000175029,33.414651000301149],[-96.911950000151009,33.414747999771222],[-96.913121999762865,33.414782000023635],[-96.915356000279999,33.414838999755332],[-96.916307999783811,33.414861999991672],[-96.918810000089564,33.414929999644109],[-96.919260000351343,33.414960000245678],[-96.91934599966676,33.414960000245678],[-96.931796000022715,33.415792000304201],[-96.93807199980516,33.416211999865617],[-96.938450999921827,33.416237999753868],[-96.938517999868978,33.416240000264054],[-96.938640999892641,33.416243999784648],[-96.939209999980122,33.416261999874514],[-96.939317999935156,33.416266000143864],[-96.939429000263232,33.416270999917991],[-96.939460000225367,33.416272000172711],[-96.939491000187516,33.416272000172711],[-96.939507000081036,33.416272000172711],[-96.93953499967013,33.416272999677645],[-96.93967799978526,33.41627699994649],[-96.939741000432761,33.416279999960587],[-96.940564000065152,33.416305999828467],[-96.943036000233661,33.416384000135231],[-96.943859999690957,33.416409999971926],[-96.948818000271686,33.41656699983001],[-96.958167999922111,33.416863000232688],[-96.958207000280154,33.416863999730772],[-96.958427000388184,33.416869999718301],[-96.958475000068745,33.416872000213935],[-96.959162000157022,33.416893999664275],[-96.959884000405381,33.416918000353448],[-96.962050000252134,33.416990999628247],[-96.962771999602182,33.417015999786933],[-96.962855000341193,33.41701700003307],[-96.963103999863208,33.417023000010026],[-96.96318800042711,33.417025999998359],[-96.963335999666782,33.417027999740569],[-96.963712000308746,33.417039000196503],[-96.964088000052385,33.417049999901167],[-96.964118000189615,33.41705100014692],[-96.96432599970376,33.417058000367192],[-96.964452000100465,33.41706400034132],[-96.964663999812572,33.417070999810718],[-96.964871000400109,33.417076999783951],[-96.970004999809632,33.41725499980079],[-96.972276000136674,33.41733799971761],[-96.97371800008527,33.417378999900222],[-96.973733000153885,33.417380000142181],[-96.982547000227086,33.417680000227278],[-96.98262099984693,33.417678999988766],[-96.982995999765649,33.417676000023008],[-96.983035000123692,33.417677000261541],[-96.98314100042893,33.417678999988766],[-96.983461000096057,33.417690000362228],[-96.983568000226171,33.41769500005438],[-96.983769999892544,33.417702000222739],[-96.984376999614881,33.417724000212615],[-96.984580000004456,33.417731999866739],[-96.986631000223497,33.417797000309484],[-96.987742999560865,33.4178329998416],[-96.989412000188494,33.417886999861693],[-96.989898000435289,33.417902999888916],[-96.991045999757688,33.417940000362464],[-96.991080999917799,33.417940999848149],[-96.992193999978412,33.417975999835292],[-96.992214000069893,33.417977000070373],[-96.992254000252856,33.417977000070373],[-96.99234600031437,33.41798000002575],[-96.992436999652639,33.417982999981],[-96.992497999752018,33.417985999936164],[-96.99567000042758,33.418087000365468],[-96.998842000204817,33.418187999927412],[-97.000284000153414,33.41821100002656],[-97.009930000079834,33.418538999897017],[-97.012618000158426,33.418629999657533],[-97.019074999690829,33.418849999953416],[-97.01948399994474,33.418864000103362],[-97.022081999611643,33.418952000351354],[-97.029609000445248,33.419209999985107],[-97.031013999685584,33.419258000076496],[-97.032032000209966,33.419294999972614],[-97.03508599998645,33.419406999785039],[-97.036103999612493,33.419446000054052],[-97.036241999704757,33.419446000054052],[-97.036656999806468,33.41945199986317],[-97.036795999723637,33.419455999985622],[-97.036842999579292,33.4194570002036],[-97.036984999869532,33.419463000011973],[-97.037033000448417,33.419464999698057],[-97.037097999847433,33.419468000351813],[-97.037452999674656,33.419477000063061],[-97.038303999794451,33.419506999843627],[-97.051252999917665,33.419949999819991],[-97.052572999667532,33.41999400015461],[-97.054926999835274,33.420094000286909],[-97.054977999888891,33.420097000169136],[-97.055023999919641,33.420100000051264],[-97.055085999843911,33.420101999722682],[-97.055141000095503,33.420104000143859],[-97.055155000339212,33.420104000143859],[-97.055198999821812,33.420107000025745],[-97.055244999852562,33.420109999907517],[-97.055719000403826,33.420120999972951],[-97.055741999970053,33.420122000183319],[-97.056179999637962,33.420145999980278],[-97.057018000237264,33.420179000158825],[-97.057132999865004,33.420183000247796],[-97.057477999646494,33.420194999763773],[-97.057593999997451,33.420201000270879],[-97.057674000363392,33.420204000149411],[-97.057915000387808,33.420213999993692],[-97.057995999680344,33.420218000081029],[-97.058054000304992,33.420219999749754],[-97.058256999796257,33.420226000255177],[-97.058543000026532,33.420233000219504],[-97.077752999863591,33.420901000108614],[-97.081888999738524,33.421045999947786],[-97.082180999816572,33.421056999894688],[-97.089748999759763,33.421306999947852],[-97.089782000270048,33.421309999788171],[-97.090195999648529,33.42133500020288],[-97.09545899982777,33.421519000154632],[-97.095479999744171,33.421520000348899],[-97.097862000399317,33.421601999744475],[-97.098193999762032,33.421613000370719],[-97.101711000219098,33.421736000053066],[-97.102719999624313,33.421772999642997],[-97.102939999732342,33.421780000232332],[-97.103601999706243,33.421804000320776],[-97.103822999639178,33.421812000348773],[-97.104785999911954,33.42184399970359],[-97.107678000205055,33.421942999765086],[-97.108642000302737,33.421977000199412],[-97.110792000255969,33.422052000096045],[-97.111773999897025,33.422085000299944],[-97.112142000143052,33.422097000302841],[-97.112190999648547,33.422098999928274],[-97.114132000262714,33.42216400010097],[-97.116490999555012,33.422242999830104],[-97.118272000335622,33.422302000283224],[-97.121054999950445,33.422395999651506],[-97.123618000355549,33.422481999702335],[-97.125400000062768,33.422542000175532],[-97.125466000185,33.422543999790712],[-97.125667000026468,33.422551000317924],[-97.125733999973619,33.422554000115255],[-97.125763000285929,33.422548999953129],[-97.125850000324562,33.422558000094803],[-97.125878999738575,33.42255900027704],[-97.125907000225965,33.42255900027704],[-97.125991999716476,33.422562000074095],[-97.1260210000288,33.422563999688876],[-97.126196999755891,33.422570000032259],[-97.12934400031709,33.422679000325822],[-97.130640999602406,33.422700000373503],[-97.1315689997151,33.422712999722151],[-97.132738999677102,33.4227330003311],[-97.132825999715735,33.422734999941895],[-97.132896000035942,33.422736000122143],[-97.132961000333268,33.422736000122143],[-97.133014999861615,33.422737999732867],[-97.133039999975978,33.422738999913086],[-97.133439000184154,33.42274900021517],[-97.134696000184803,33.422780999974428],[-97.144751000365133,33.423035000269245],[-97.144787000350149,33.423035000269245],[-97.151597000059979,33.423203999994683],[-97.15741199970995,33.423362999910708],[-97.15749000042608,33.423366999852966],[-97.158276000248534,33.423379999851448],[-97.160124000077985,33.423447000159008],[-97.161966999884555,33.423528999983816],[-97.162062000319125,33.423532999918443],[-97.162228000000468,33.423540999787122],[-97.162414999598226,33.423545999892127],[-97.162554000413706,33.423549999825958],[-97.175120000222293,33.423899999695458],[-97.175389999660709,33.423917000280831],[-97.17542700036897,33.423916000114168],[-97.175722999746654,33.423909999863753],[-97.175802000287675,33.423912000197191],[-97.17582099965594,33.423912000197191],[-97.176090000167775,33.423920000030961],[-97.177215999748853,33.423950999942093],[-97.177498999606073,33.423958000355846],[-97.18437600016135,33.42414599990321],[-97.18584599969904,33.424185999706552],[-97.186081999700576,33.424193000101361],[-97.186138999601994,33.424194999678519],[-97.189923999847665,33.424299000119746],[-97.189976999551121,33.424300000281988],[-97.192267999969658,33.424362999983337],[-97.192281000388462,33.424362999983337],[-97.202128999981227,33.424632000276311],[-97.202297000210706,33.424637000318462],[-97.212559000080276,33.424915999814829],[-97.212605000111026,33.424915999814829],[-97.220091999863371,33.425122000039195],[-97.220110000305041,33.425122000039195],[-97.223174999952164,33.425207000236817],[-97.233405999859585,33.425482999704755],[-97.233449000415604,33.425483999853355],[-97.234786999708788,33.425531000076802],[-97.237576999894642,33.425638000107782],[-97.239069999896842,33.425696000356751],[-97.243291000160596,33.425860000178751],[-97.243842999631326,33.425882999744992],[-97.250162999794696,33.426129000331407],[-97.251515000229901,33.426172999783709],[-97.255461999958968,33.426298000031615],[-97.258175999976828,33.426383999965658],[-97.26106499989686,33.42647599988797],[-97.269823999718469,33.426755000221547],[-97.270504000134025,33.426774999899287],[-97.271729000347634,33.426819999907103],[-97.279913000233975,33.427078000151397],[-97.280766000003595,33.427103999784784],[-97.280817000057212,33.427104999914704],[-97.282159000446683,33.427148000242362],[-97.283389999609753,33.427187000032902],[-97.288312000205465,33.427341999642472],[-97.288330999573731,33.427341000265002],[-97.29483599968502,33.427549000232439],[-97.294992000218954,33.427552999981778],[-97.303090999716488,33.427780000264477],[-97.304654000038894,33.427823999629666],[-97.30471900033622,33.427825999872859],[-97.307537999936045,33.427916999645774],[-97.307568000073289,33.427917999766336],[-97.30791600022782,33.42792900034194],[-97.308316000260916,33.427941999657321],[-97.312298000150079,33.42807100008222],[-97.312977999667339,33.428092999693845],[-97.313003999606593,33.428093999812376],[-97.316030999618874,33.428191000008916],[-97.318318999664385,33.428264999668592],[-97.318440000038208,33.428269000134719],[-97.318522000053974,33.428271999734463],[-97.318604000069726,33.428273999967388],[-97.319650000183202,33.428308000171334],[-97.32154800024135,33.428369999847448],[-97.323281000443075,33.42842400006132],[-97.324492000412974,33.428465000256807],[-97.324526999674774,33.42846600037106],[-97.324633999804888,33.428468999963989],[-97.324669999789904,33.428471000192381],[-97.331581999606968,33.428693999877119],[-97.332872999942808,33.428737000167274],[-97.334965000169731,33.428804000088832],[-97.335052000208378,33.428806999670087],[-97.335166999836105,33.428811000111239],[-97.335834999657777,33.428835999865228],[-97.33600399971219,33.428847000324545],[-97.337522999653658,33.428942000211848],[-97.343426000065506,33.429311999926064],[-97.357177999729643,33.430172000057489],[-97.376314999771765,33.430373000092324],[-97.38165699959373,33.430428999993019],[-97.382025999664691,33.430415000208683],[-97.382236999551878,33.430418999825953],[-97.382403000131546,33.430424999626453],[-97.382599999775024,33.430432000267828],[-97.38275899978369,33.430441999683651],[-97.383095000242676,33.430449999665335],[-97.38309299969454,33.430481000243297],[-97.383090000219809,33.430575999841516],[-97.383090000219809,33.430607999714383],[-97.383087999671659,33.43068100022348],[-97.383085000196928,33.430762999962248],[-97.383069000303422,33.43122699971218],[-97.383064000280541,33.431383999765544],[-97.383034999968217,33.432259999987814],[-97.383014999876735,33.432890000144937],[-97.385019000240106,33.4329069997193],[-97.385897000124075,33.432917000349335],[-97.387760000022141,33.432932999855645],[-97.393352000089351,33.432982999980666],[-97.393470000090133,33.43298600016719],[-97.395215999812336,33.433001999660789],[-97.395989999939232,33.433009000094252],[-97.39831399996973,33.433030999953637],[-97.398732000444483,33.433035000200029],[-97.399088999921545,33.433037999635076],[-97.40063299997739,33.433051999745999],[-97.403495000133233,33.43307899989999],[-97.403637000423444,33.433081000022135],[-97.403778999815373,33.433082000083196],[-97.40526799961961,33.43309500012613],[-97.406768000192827,33.433110000288586],[-97.406813000398671,33.433110000288586],[-97.408802999620022,33.433116999963708],[-97.414773999803927,33.433140999916418],[-97.414873000436444,33.43314199997679],[-97.416764999748509,33.433149999709599],[-97.417088999613625,33.433152999890339],[-97.418697999966781,33.433164999862548],[-97.421156999716501,33.433184000252446],[-97.421366999778797,33.433186000372174],[-97.421669999727484,33.433187999742167],[-97.424498000446448,33.433210000305863],[-97.426116000122136,33.433223000329626],[-97.42643199959133,33.433224999698758],[-97.426824000126814,33.433227999876912],[-97.427999999936588,33.433236999661013],[-97.428391999573748,33.433240999897976],[-97.428595999788271,33.433241999957183],[-97.428661000085583,33.433243000016333],[-97.429210000081596,33.433247000253019],[-97.429415000121011,33.433249000371291],[-97.429812999605943,33.433251999798941],[-97.433037999984961,33.433275999714319],[-97.440523000087495,33.43333600022347],[-97.443909999949881,33.433362000231284],[-97.447535000361981,33.433390000346392],[-97.447598999936091,33.433390999654208],[-97.450015000028102,33.433409999994623],[-97.450083999625065,33.433409999994623],[-97.457732999759131,33.433469999661448],[-97.460020999804627,33.433487999928261],[-97.460282999745445,33.433490000040976],[-97.460616999656281,33.433492000153649],[-97.461619000287129,33.433499999854142],[-97.461954000022885,33.433503000022782],[-97.462227999659277,33.433504000078983],[-97.463052000014883,33.43351099972233],[-97.463327000374491,33.433512999834456],[-97.463956999663026,33.433517000058693],[-97.465846000398685,33.433532000148226],[-97.466289000089461,33.433536999677713],[-97.466477000410435,33.433536000371582],[-97.467556000135858,33.433532000148226],[-97.47079499986026,33.433522999645035],[-97.471875000308899,33.433521000282752],[-97.474098999881988,33.433554999930564],[-97.474307000294459,33.433561000263964],[-97.480043000301734,33.433631999679179],[-97.481162000210119,33.433766000159473],[-97.481579999786547,33.433635999897938],[-97.481705000358332,33.433632999733888],[-97.481772000305483,33.433631000374142],[-97.481972000322031,33.433625000045652],[-97.482040000094102,33.433625000045652],[-97.482112000064106,33.433622999936041],[-97.482562000325913,33.433629000264673],[-97.483307999965405,33.433640000116505],[-97.484128999947956,33.433645999694278],[-97.484652000004701,33.433650999966879],[-97.485269999597662,33.433656000239203],[-97.487064999723643,33.43368100009701],[-97.488013999752724,33.433694000050217],[-97.490942999855747,33.433741000326151],[-97.500150000289324,33.434057000148641],[-97.500302999551892,33.433945999796457],[-97.502096000028061,33.433937000085841],[-97.508849999661393,33.43390399988958],[-97.508920999806492,33.433902999837997],[-97.516285000433513,33.43391300035325],[-97.518107000323681,33.433914999706502],[-97.523573999819121,33.43391999996355],[-97.524793000184957,33.433923000117673],[-97.525397000432548,33.433924000169029],[-97.525584000030292,33.433924000169029],[-97.525647999604402,33.433923000117673],[-97.526559999823547,33.43391999996355],[-97.528627999761028,33.433913999655047],[-97.528954000174252,33.43391300035325],[-97.529490999576367,33.433911000250276],[-97.530217000022688,33.433908000095741],[-97.530468999917773,33.433908000095741],[-97.531992000057201,33.433914999706502],[-97.533229999791288,33.433938000137019],[-97.533454000097265,33.433942000341673],[-97.534274000254939,33.433957999659015],[-97.535294000429118,33.433957999659015],[-97.535552999996895,33.433957999659015],[-97.535732000097042,33.433957999659015],[-97.541094999835394,33.433959999760908],[-97.558978000249923,33.433967000117086],[-97.559282000023529,33.433967000117086],[-97.559494999560556,33.433967000117086],[-97.559559999857896,33.433968000167937],[-97.561236999983095,33.433969000218767],[-97.561349000136104,33.433969000218767],[-97.563900999772244,33.433974999773852],[-97.566885000126817,33.433983000179502],[-97.568272999648741,33.433984000230161],[-97.576266999564297,33.433987999683019],[-97.576471999603697,33.433988999733629],[-97.577895000184014,33.433991999885301],[-97.578736000258075,33.433990999834798],[-97.579353000026131,33.433990999834798],[-97.580918999823254,33.433991999885301],[-97.581796999707237,33.433992999935867],[-97.58223100007551,33.433992999935867],[-97.584658999863095,33.433993999986413],[-97.591942000299255,33.43399900023897],[-97.594370999911732,33.434001000339904],[-97.594529000095491,33.434001000339904],[-97.594873000052075,33.434001000339904],[-97.595005000296553,33.434001000339904],[-97.595164000305218,33.434001000339904],[-97.596130000052725,33.434001000339904],[-97.599027000368679,33.434001999640685],[-97.59930100000507,33.434003999741563],[-97.599932999841741,33.434003999741563],[-97.59999399994112,33.434003999741563],[-97.606032999897067,33.434007999943105],[-97.609883000440078,33.434010000043841],[-97.610023000182167,33.434011000094188],[-97.615082999971833,33.434015000295474],[-97.61887200041545,33.434016999646381],[-97.619792999957127,33.434017999696643],[-97.621535000379694,33.433955000255779],[-97.621625999717963,33.433952000102757],[-97.621749999566518,33.433946999847549],[-97.621875000138317,33.433942999643129],[-97.62531899990212,33.433820000014776],[-97.625837999760904,33.433818999962227],[-97.625882999966734,33.433820000014776],[-97.63100800005374,33.433815999804558],[-97.631543999630935,33.433815999804558],[-97.632612000384029,33.433815999804558],[-97.637805000243077,33.43381299964674],[-97.638407999767452,33.433815999804558],[-97.639857000287023,33.433824000224874],[-97.640217999962047,33.433825000277359],[-97.640822000209639,33.433828999737536],[-97.641063000234055,33.433828999737536],[-97.641688000398034,33.433829999789985],[-97.64178799995716,33.433829999789985],[-97.642029999806468,33.433829999789985],[-97.643073000445213,33.433829999789985],[-97.646201999666445,33.433832999947157],[-97.647195000076451,33.433833999999557],[-97.647246000130082,33.433833999999557],[-97.647710999562179,33.433832999947157],[-97.648627999804219,33.433835000051928],[-97.649107000378308,33.433835000051928],[-97.649572999635325,33.433836000104293],[-97.649703000229977,33.433836000104293],[-97.649925999812751,33.433836000104293],[-97.65009400004223,33.433836000104293],[-97.650180000255958,33.43383700015665],[-97.650224999563477,33.43383700015665],[-97.65067800019834,33.43383700015665],[-97.655838000445428,33.433839000261322],[-97.658349000073684,33.433841999668573],[-97.662672000444701,33.433844999825396],[-97.666698999641383,33.433847999982063],[-97.668448999561534,33.433849000034286],[-97.668619000339163,33.433849000034286],[-97.672677000396305,33.433850000086487],[-97.67745099995571,33.433855000347336],[-97.67754800004009,33.433855999649793],[-97.677645999949391,33.433855999649793],[-97.678291000204851,33.433855999649793],[-97.679021999775728,33.433855999649793],[-97.681217999759696,33.433857999754032],[-97.681950000053817,33.433858999806134],[-97.682477000308509,33.433858999806134],[-97.684058000174261,33.433859999858221],[-97.684586000253859,33.433860999910301],[-97.6866869998033,33.433860999910301],[-97.692991999898055,33.433867000222477],[-97.695094000170727,33.43386900032646],[-97.695349000438839,33.43386900032646],[-97.695829999764456,33.433870999680721],[-97.698038000342351,33.433884000355143],[-97.69877399993608,33.433888999864358],[-97.699065000189208,33.433890999967772],[-97.699272999703368,33.433888999864358],[-97.701296000333315,33.433878000044089],[-97.701528000136904,33.433875999940312],[-97.70723700037999,33.433880000147816],[-97.71128899969105,33.433884999657259],[-97.715514000152751,33.433887999812598],[-97.715986000155866,33.433887999812598],[-97.716078000217379,33.433888999864358],[-97.71620500043899,33.433888999864358],[-97.716331999762275,33.433888999864358],[-97.716551000045399,33.433888999864358],[-97.716770000328509,33.433888999864358],[-97.72097899999838,33.433893000071208],[-97.72110500039507,33.433892000019505],[-97.731664000365569,33.433899999683177],[-97.733631000020694,33.433902999837997],[-97.733763000265171,33.433902999837997],[-97.747463999875677,33.433913999655047],[-97.747525999799947,33.433913999655047],[-97.748560000217864,33.433911000250276],[-97.750310000138001,33.433907000044201],[-97.751661999674909,33.433915999757943],[-97.752696999917717,33.433923000117673],[-97.759048000043222,33.433966000066242],[-97.759531999741881,33.433970000269589],[-97.759873000223749,33.433942000341673],[-97.760227000226067,33.43391300035325],[-97.760438999938174,33.43391300035325],[-97.762788999907968,33.433914999706502],[-97.762920000327512,33.433914999706502],[-97.766019000309825,33.433917999860803],[-97.768508000196789,33.433918999912208],[-97.769264999706934,33.433917999860803],[-97.769621000257402,33.433916999809384],[-97.772084000205069,33.433914999706502],[-97.772813999951055,33.43391300035325],[-97.775465000219711,33.433911000250276],[-97.77722699983542,33.433909000147267],[-97.777435000247891,33.433909000147267],[-97.777482000103561,33.433909000147267],[-97.777630000241558,33.433909000147267],[-97.777776999656339,33.433909000147267],[-97.777825000235225,33.433909000147267],[-97.779125999718502,33.433908000095741],[-97.785301000116917,33.433900999734796],[-97.787088999671909,33.433898999631545],[-97.787174999885636,33.433897000277938],[-97.789697000282857,33.433875999940312],[-97.78999000018581,33.433872999784619],[-97.790283000088777,33.433870999680721],[-97.790416000158174,33.433869999628762],[-97.790499999823766,33.43386900032646],[-97.790585000212573,33.433868000274479],[-97.791067000261421,33.433866000170468],[-97.791644999671405,33.433860999910301],[-97.791742999580705,33.433859999858221],[-97.793433000124722,33.433845999877654],[-97.793674999974058,33.433842999720859],[-97.798334999730642,33.433806000027751],[-97.798449000431773,33.433804999975038],[-97.798687000083149,33.433802999869634],[-97.802306999574057,33.433772999781681],[-97.806973000076752,33.433735000005214],[-97.808462999705895,33.433723000111819],[-97.808550999569448,33.433735000005214],[-97.808758999981904,33.433766000159473],[-97.808818000431458,33.433772999781681],[-97.808907999944822,33.433784999668163],[-97.809338000115133,33.433840000313644],[-97.809803000445555,33.433861999962318],[-97.810253999633957,33.433871999732673],[-97.814746000059358,33.433841999668573],[-97.817085000158471,33.433829999789985],[-97.81760200036743,33.433828999737536],[-97.819134999654295,33.433814999751974],[-97.820682000083153,33.433816999857143],[-97.82203100014533,33.433808000133148],[-97.826079000156724,33.433783000311919],[-97.827429000043807,33.433774999887774],[-97.827949999552388,33.43377399983477],[-97.829436999706829,33.433790999985582],[-97.829717000089303,33.433799999711354],[-97.830600999821058,33.433801999816893],[-97.831749000041768,33.433818999962227],[-97.834497000394805,33.433825000277359],[-97.835403999692787,33.433826999632636],[-97.835509000173076,33.433826000329844],[-97.836381000209258,33.433821000067319],[-97.838998999967643,33.433808000133148],[-97.839871999828745,33.433803999922318],[-97.840131000294832,33.433801999816893],[-97.8409110002695,33.433798000355459],[-97.841172000385399,33.433797000302661],[-97.842067999812713,33.433797000302661],[-97.844758000439441,33.433798000355459],[-97.845654999691689,33.433798999658578],[-97.846817000156094,33.433798999658578],[-97.850306000125755,33.433801999816893],[-97.851469000415079,33.433802999869634],[-97.853667999873807,33.433803999922318],[-97.855938000375957,33.433806000027751],[-97.860265000046596,33.433808000133148],[-97.862465000228568,33.433810000238488],[-97.862521000305051,33.433810000238488],[-97.862974999866509,33.433816999857143],[-97.864970999833943,33.433846999929891],[-97.86516599982761,33.433850000086487],[-97.865847999893006,33.433859999858221],[-97.866128000275481,33.433865000118445],[-97.866423999653193,33.43386900032646],[-97.867550000132582,33.433885999709062],[-97.867919000203528,33.433892000019505],[-97.869803000017981,33.43391999996355],[-97.872491999921493,33.433959999760908],[-97.874999000250099,33.43399900023897],[-97.87531300006944,33.434003999741563],[-97.879951000084716,33.43398999978421],[-97.883072999633256,33.433982000128836],[-97.883236999664788,33.433982000128836],[-97.88340099969632,33.433981000078141],[-97.883429000183739,33.433980000027447],[-97.883643000443968,33.433980000027447],[-97.887138000261416,33.433970000269589],[-97.891411000403693,33.433957999659015],[-97.894502999815032,33.433950000000692],[-97.901391000240963,33.433930999778504],[-97.90147800027961,33.433930999778504],[-97.90795300025367,33.433886999760837],[-97.908067999881396,33.433886999760837],[-97.910092000336263,33.433883000303325],[-97.916163999904185,33.433874999888459],[-97.918189000183958,33.433872999784619],[-97.918190000008877,33.433593999841015],[-97.918193000381919,33.432761000135244],[-97.918195000031744,33.432484999819216],[-97.918201999704436,33.431159000078459],[-97.918221999795932,33.427182000137684],[-97.918230000191855,33.425856999745903],[-97.918231999841666,33.425410000072098],[-97.918239000412669,33.42407599964077],[-97.9182419998874,33.423631000133319],[-97.9182419998874,33.423576999936813],[-97.9182419998874,33.423416000067895],[-97.918242999712319,33.423362999910708],[-97.918128000084593,33.422728000179283],[-97.918147000351155,33.421765000361177],[-97.918246999910281,33.416942999783323],[-97.918281000245457,33.415335999658687],[-97.918282000070377,33.414982999700129],[-97.918286000268338,33.413921999649865],[-97.918287999918164,33.413570999764325],[-97.918301000336967,33.410935999982762],[-97.918338999971795,33.403035000342165],[-97.91835300021549,33.400401999808437],[-97.918354999865315,33.399960000310408],[-97.918360999713101,33.398634000325814],[-97.918364000086157,33.398192999797253],[-97.91836999993393,33.39733699982181],[-97.918388000375586,33.394772000312244],[-97.918395000048278,33.393917000152868],[-97.918393000398467,33.393800000155785],[-97.918390000025397,33.393451000254508],[-97.918389000200506,33.393335000148952],[-97.918390999850317,33.392994000312846],[-97.918395999873212,33.391972999846715],[-97.918399000246239,33.391634000244174],[-97.918399000246239,33.391489000056893],[-97.918406999743851,33.389921000106689],[-97.918431000033294,33.384783000294298],[-97.918440000254137,33.383071000061413],[-97.918440000254137,33.383049000297376],[-97.918440000254137,33.383003000227163],[-97.918440000254137,33.382801000185211],[-97.918441000079042,33.382734000030545],[-97.918445000277003,33.381892000190014],[-97.918456000147657,33.379368000365936],[-97.918461000170524,33.378527000127306],[-97.91848100026202,33.377836999643996],[-97.918465000368485,33.377522000000468],[-97.918465000368485,33.377454000327752],[-97.918468999668136,33.377256999916781],[-97.918470000391352,33.377191999900333],[-97.918472999866097,33.376448999803728],[-97.91848100026202,33.375110000022438],[-97.918466000193391,33.37422299965403],[-97.918455000322751,33.373480999697115],[-97.918458999622388,33.371760000364219],[-97.918472999866097,33.36660000011404],[-97.918477999888978,33.364879999792734],[-97.9184800004371,33.363867000181862],[-97.91848100026202,33.363281999765931],[-97.918487999934712,33.360834999863854],[-97.918494999607404,33.359837999895198],[-97.918491000307753,33.3598239999897],[-97.918493999782484,33.359479000158977],[-97.918502000178407,33.358447999893478],[-97.918506000376354,33.358105000208027],[-97.918506000376354,33.358068999943903],[-97.918506000376354,33.357961999987999],[-97.918507000201274,33.357928000016528],[-97.918507000201274,33.357871999902187],[-97.918508000026193,33.357786999860728],[-97.918506000376354,33.35770599969991],[-97.918506000376354,33.357652999979926],[-97.918514999698886,33.356569000212808],[-97.91854400001121,33.35332199983953],[-97.918554999881863,33.352239999892511],[-97.918571999600303,33.350026000359392],[-97.91862400037715,33.343389999938182],[-97.918641999920482,33.341177999728906],[-97.918650000316418,33.340083000006452],[-97.918675000430781,33.336804999967562],[-97.918683999753284,33.335712000164335],[-97.918686000301406,33.335634999955637],[-97.918696000347168,33.335405000106306],[-97.918698999821899,33.335329000061748],[-97.918699999646819,33.335295000257382],[-97.918707000217807,33.335195999824272],[-97.918708999867633,33.335162999654884],[-97.918709999692553,33.335113000284153],[-97.918713999890514,33.334964000187924],[-97.91871600043865,33.33491499964218],[-97.91871700026357,33.334802000101341],[-97.918723999936262,33.334465999684085],[-97.918727000309303,33.334354999703699],[-97.918728000134223,33.334245000029924],[-97.91873300015709,33.333913999723272],[-97.918734999806915,33.333805999648064],[-97.918748000225705,33.332622000106767],[-97.918789000233573,33.32907100001114],[-97.918802999578986,33.327889000209048],[-97.9188119997998,33.326914999984346],[-97.918841000112138,33.32399899968042],[-97.91909700020517,33.322883000054432],[-97.919118000121543,33.322708999813614],[-97.919184000243789,33.322076999985377],[-97.919232999749298,33.321871000276673],[-97.918801999754066,33.321627000079168],[-97.918819000370817,33.320875999725182],[-97.91882500021859,33.320625000018104],[-97.918841000112138,33.31985700012423],[-97.918892000165741,33.317555000153121],[-97.918908999884181,33.316788000130494],[-97.918908999884181,33.316758000190163],[-97.918911000432317,33.316715999956102],[-97.918911000432317,33.316671000004519],[-97.918912000257237,33.316643999722174],[-97.918928999975677,33.315844999870137],[-97.918981999679119,33.313448999849996],[-97.919000000120789,33.312650999936764],[-97.919019000387351,33.311730999704146],[-97.919079999588419,33.308974000028726],[-97.919101000403131,33.308055000033484],[-97.919093999832114,33.308038000067341],[-97.919101000403131,33.30800700012054],[-97.919102000228037,33.307996000136704],[-97.919102000228037,33.307986000150287],[-97.919103000052957,33.30794700019208],[-97.919103000052957,33.307933000202858],[-97.919103000052957,33.30789300022122],[-97.919103999877848,33.307881000223183],[-97.919104999702768,33.307791000185055],[-97.919111000448865,33.30752500028008],[-97.91911300009869,33.307479000084392],[-97.91911300009869,33.307435999879509],[-97.919107000250904,33.306927000347955],[-97.919088999809233,33.305400999721385],[-97.919082999961446,33.304893000358156],[-97.919081000311635,33.304722999638514],[-97.919072000090793,33.303916999833497],[-97.918966999610504,33.294941000200879],[-97.919030000258005,33.294436999849303],[-97.919113999923582,33.293760999710607],[-97.919107000250904,33.292515000196936],[-97.919087999984342,33.288778000238935],[-97.919082000136555,33.287533999868558],[-97.919076000288769,33.286329999913285],[-97.919057999847098,33.282718999798931],[-97.919051999999326,33.281517000107122],[-97.919046000151539,33.281213000095327],[-97.919029000433099,33.280300999715209],[-97.919024000410232,33.279996999974294],[-97.919017999664135,33.279699999933811],[-97.91900299959552,33.278812000005679],[-97.918997999572639,33.278516000024965],[-97.918995000097908,33.278350999914615],[-97.918976999656252,33.277185999660048],[-97.918930999625488,33.274323999635278],[-97.918929999800568,33.274261000168892],[-97.918928999975677,33.274243999625583],[-97.918928999975677,33.274195999884938],[-97.918928999975677,33.274179999715166],[-97.918918000105023,33.273490000119658],[-97.918884999594724,33.271420000160731],[-97.918873999724084,33.270729999784351],[-97.918871000249339,33.270587000372885],[-97.918865000401567,33.270158999663664],[-97.918862999853431,33.270016999751093],[-97.918842999761949,33.268813000025325],[-97.918783000385801,33.265199999908255],[-97.918763000294319,33.263998000126264],[-97.91874999987553,33.263256000160922],[-97.918713000065608,33.261032000325748],[-97.918701000370035,33.260314000268487],[-97.918701000370035,33.260290999747511],[-97.918699999646819,33.260121999816015],[-97.918699999646819,33.259616999917057],[-97.918699999646819,33.259448999987804],[-97.918699999646819,33.25937399964679],[-97.918702000194955,33.259261999668652],[-97.918702000194955,33.259150000298156],[-97.91870300001986,33.259076000259682],[-97.91870300001986,33.258769999861457],[-97.91870399984478,33.257854999965076],[-97.918704999669671,33.257550000373932],[-97.918704999669671,33.257462999733846],[-97.918704999669671,33.257204999786978],[-97.918706000392916,33.257119999966655],[-97.918706000392916,33.256472999843389],[-97.918709999692553,33.254533999743209],[-97.918711000415797,33.254233000032123],[-97.918706000392916,33.253887999869058],[-97.918707000217807,33.252954999869061],[-97.918713000065608,33.250155000286291],[-97.918713999890514,33.250130000274979],[-97.918773000340067,33.249268000347662],[-97.918774000164973,33.249225999928292],[-97.918780999837665,33.248555000168174],[-97.918804000302202,33.246542999979781],[-97.9188119997998,33.245872999864453],[-97.918815000172856,33.245671000369484],[-97.918826000043509,33.245067999739938],[-97.918830000241471,33.244866999857805],[-97.918827999693349,33.244853000267398],[-97.918826000043509,33.24483400006843],[-97.918822999670454,33.244812999922821],[-97.918821999845548,33.244801000266655],[-97.918830000241471,33.244223999829146],[-97.918853999632589,33.242493999703449],[-97.918862999853431,33.24193299988422],[-97.918862999853431,33.241918999823902],[-97.918861000203606,33.24177299981298],[-97.91885799983055,33.241334999819699],[-97.918857000005644,33.241191000361532],[-97.91885899965547,33.24088699972458],[-97.918867000051378,33.239975999762258],[-97.918871000249339,33.239673000189697],[-97.918877000097126,33.239139999814121],[-97.918894999640486,33.237543999640451],[-97.918902000211475,33.237012999931039],[-97.918904999686234,33.236842999999162],[-97.918914999731967,33.23634000020062],[-97.918918999929929,33.236172999921962],[-97.918922000302985,33.236066999939567],[-97.918928000150757,33.235907999725008],[-97.918932000348718,33.235748999972628],[-97.918935999648369,33.235643000227547],[-97.918944999869197,33.235325000221351],[-97.918960999762717,33.234850000092564],[-97.918975000006427,33.234374999637588],[-97.91898599987708,33.234058000373921],[-97.918991999724867,33.233098000000687],[-97.919011999816348,33.230220999932037],[-97.919019000387351,33.229261999665987],[-97.919021000037191,33.228619999992212],[-97.919026000060043,33.227660000038156],[-97.919029000433099,33.226697999710581],[-97.919031999907816,33.226058000374422],[-97.919031999907816,33.22597499994373],[-97.919032999732735,33.2258520001837],[-97.919032999732735,33.225726999871561],[-97.919033999557641,33.225645000068731],[-97.919057999847098,33.223114999996106],[-97.91912999981713,33.21552499966009],[-97.919151999558437,33.213207999765388],[-97.919154000106559,33.212995000040351],[-97.919169000175188,33.211196000193141],[-97.919214000381032,33.205800000172808],[-97.919230000274538,33.204002000197654],[-97.919235000297419,33.203482999881025],[-97.919245000343167,33.202489000285865],[-97.919250000366048,33.201926000013472],[-97.919255000388901,33.20140799988399],[-97.919258999688552,33.200606000069058],[-97.919272999932261,33.198203000153981],[-97.919277999955128,33.197402999821705],[-97.919291000373917,33.19668000005278],[-97.919332000381814,33.194512000055489],[-97.91934699955209,33.193790000276067],[-97.919351999574971,33.193324999748],[-97.919370000016627,33.191929000064718],[-97.919375999864414,33.191465000009799],[-97.919379000237456,33.191008999932805],[-97.919390999933029,33.189640999741158],[-97.919394000306085,33.189360000028039],[-97.919395999955896,33.189185999796592],[-97.919402999628602,33.188516000127557],[-97.919424000443314,33.186505999692294],[-97.919431999940912,33.185836999717139],[-97.919443999636485,33.184692999636155],[-97.919463999727967,33.182844999930005],[-97.919478999796567,33.18126399982026],[-97.919489999667235,33.18012100013312],[-97.919491000390465,33.180028000147956],[-97.919496000413332,33.179752000241386],[-97.919498999888063,33.179660999792851],[-97.9195220003526,33.177359000233601],[-97.919544000093893,33.17505700035349],[-97.919556999614386,33.174217999641222],[-97.919558000337616,33.174137999760568],[-97.919559999987442,33.173935000027079],[-97.919559999987442,33.173865000191476],[-97.919560999812347,33.173804999858199],[-97.919561999637267,33.173701000336152],[-97.919561999637267,33.173683999787997],[-97.919570000033175,33.172529999983894],[-97.919570000033175,33.172494999887974],[-97.919574000231137,33.172206999728054],[-97.91958500010179,33.171345999762806],[-97.919590000124671,33.171060999773999],[-97.919600999995311,33.170002999694134],[-97.919636000155421,33.166831999867377],[-97.91964799985098,33.165775000002782],[-97.919666000292636,33.164012000043648],[-97.919673999790248,33.163351000243956],[-97.919697000254786,33.161374999979934],[-97.91970999977525,33.160637000224249],[-97.919791999791016,33.156081000192586],[-97.919836000171955,33.153657999698382],[-97.919858999738167,33.152320000065814],[-97.919859999563087,33.152307000236817],[-97.919929000058374,33.147081000174495],[-97.919929000058374,33.147001999937395],[-97.91992999988328,33.14676299962472],[-97.9199309997082,33.146685999781873],[-97.919940999753933,33.146436999690636],[-97.919954000172723,33.146157999791001],[-97.919973000439313,33.145691000041367],[-97.919975999914044,33.145630999983517],[-97.919984000309967,33.145444000091608],[-97.919986999784683,33.145376999635175],[-97.919985999959778,33.145136000197219],[-97.919985000134858,33.144212000044142],[-97.919985000134858,33.143904000338004],[-97.919985000134858,33.143857999761607],[-97.919985000134858,33.143722999762133],[-97.919985000134858,33.143678000217548],[-97.919985000134858,33.143586000308026],[-97.919985000134858,33.143316999643083],[-97.919985000134858,33.143227000114464],[-97.919984000309967,33.14256699974797],[-97.919982999586736,33.140590999837912],[-97.919982999586736,33.139932000371743],[-97.919982999586736,33.139912000298025],[-97.919981999761831,33.139879000053533],[-97.919981999761831,33.13983400004215],[-97.919981999761831,33.139786000255242],[-97.919981999761831,33.13975500004986],[-97.919981999761831,33.138665000351807],[-97.919981999761831,33.135396000236852],[-97.919982999586736,33.134308000021662],[-97.919985999959778,33.133936999676898],[-97.919996999830445,33.132823999765577],[-97.920001999853312,33.132455000171674],[-97.920005000226368,33.132118000190381],[-97.920014000447182,33.131109000290287],[-97.920017999746818,33.130799999965063],[-97.920017999746818,33.130773000177086],[-97.920031999990542,33.129346999966153],[-97.920074999648236,33.125116999851372],[-97.920076000371466,33.125069000292065],[-97.920127000425097,33.123643999824033],[-97.920128000250003,33.123619999645072],[-97.920130999724734,33.123522999763928],[-97.920141999595387,33.123050000049489],[-97.920146999618268,33.122863000194471],[-97.920163000410099,33.121346000142573],[-97.920170000082791,33.120777999848052],[-97.920170000082791,33.120727999654122],[-97.920180999953459,33.120005000198844],[-97.920180000128539,33.11977400001112],[-97.9201690002579,33.116767999676277],[-97.9201690002579,33.116644000132666],[-97.920180000128539,33.115765999776258],[-97.920182999603284,33.115442999663287],[-97.920194000372248,33.114475999632127],[-97.920199000395115,33.114154000001243],[-97.920206999892713,33.113557000100371],[-97.92023200000709,33.111769000089879],[-97.920241000227904,33.111173999767288],[-97.920245000425865,33.110836000131286],[-97.920252000098571,33.110314999712614],[-97.920257000121453,33.109826000224871],[-97.920259999596169,33.10954299979349],[-97.920259999596169,33.109489999941054],[-97.920262999969225,33.108938000017517],[-97.920273000014959,33.107280999718824],[-97.92027700021292,33.106820000330472],[-97.92027800003784,33.106731000300584],[-97.920287000258654,33.105248999905257],[-97.920300999604052,33.103235999829963],[-97.920344000160071,33.100807999813114],[-97.920370000099354,33.099386999842039],[-97.920370999924245,33.099327999872905],[-97.92042000032805,33.096566999947242],[-97.920433999673435,33.0958319998307],[-97.920502000343816,33.089308999632408],[-97.920515999689201,33.088285000161683],[-97.920549000199486,33.08588300014334],[-97.920551999674217,33.085561000361373],[-97.920551999674217,33.085526000199479],[-97.920558000420314,33.085067999722078],[-97.92057500013874,33.083696999947136],[-97.920581999811461,33.083241000349943],[-97.920597999704967,33.081769000080854],[-97.920601999902928,33.081467000128789],[-97.920657999979426,33.077352999746324],[-97.920658999804346,33.077316999703925],[-97.920684999743614,33.075881999941508],[-97.92068700029175,33.075696000217377],[-97.920688000116655,33.075679000255349],[-97.920695999614253,33.075142000295301],[-97.920699999812214,33.074959000220339],[-97.920714000055924,33.074142999781778],[-97.920751999690765,33.072083000115036],[-97.920753000413981,33.071699999677783],[-97.920756999713632,33.07091699969456],[-97.920756999713632,33.070886999723939],[-97.920756999713632,33.070721999702414],[-97.920760000086688,33.070227000039758],[-97.920761999736513,33.070062999993638],[-97.920764000284635,33.069699000341508],[-97.920770000132421,33.068606999878583],[-97.920771999782247,33.068243000225912],[-97.920772999607166,33.06791499996072],[-97.920777999630019,33.066934000092587],[-97.920780000178155,33.066607999711508],[-97.920781000003075,33.066120999767776],[-97.920800000269651,33.065449000343946],[-97.920839999554318,33.064134999678124],[-97.920848999775131,33.061970999700058],[-97.920853999797998,33.060813000063462],[-97.920857000171068,33.060339000319644],[-97.920866000391882,33.058916000244579],[-97.920869999691533,33.058442999912913],[-97.920871000414763,33.058216999770828],[-97.920871000414763,33.058180000338567],[-97.920884999760148,33.057396999773836],[-97.92089099960792,33.057135999794745],[-97.92089099960792,33.056899000129967],[-97.920892000331165,33.056189000184247],[-97.920893000156056,33.055953000096508],[-97.920894999805881,33.055741999897215],[-97.920899999828762,33.055111999661619],[-97.920903000201818,33.054902000338082],[-97.920904999851643,33.054760999876621],[-97.920909999874496,33.054340999807224],[-97.920913000247566,33.054201999728413],[-97.92092400011822,33.053381999981596],[-97.920943000384781,33.052050999879278],[-97.920961999753047,33.050924999872585],[-97.920976999821647,33.050105999660154],[-97.920989000415545,33.049402000307865],[-97.921001999936024,33.048681999889148],[-97.921074999730948,33.047296999870362],[-97.9211130002641,33.046596999794907],[-97.921107000416328,33.046567999792231],[-97.921090999624468,33.04648600035619],[-97.921085999601601,33.046459000268079],[-97.921078999928909,33.045622000207175],[-97.921063000035375,33.043530999906764],[-97.921068999883175,33.043113999779543],[-97.921082000301951,33.042279000356949],[-97.921102000393446,33.040614999855428],[-97.921124000134753,33.038915999674785],[-97.921165000142636,33.035624999731787],[-97.921186000059024,33.033999000000719],[-97.921186000059024,33.033962000183337],[-97.921195000279866,33.033239999823572],[-97.921223999693865,33.031075999699134],[-97.921233999739613,33.030354999951122],[-97.92124100031063,33.029775999760346],[-97.921258000029056,33.028514999693023],[-97.921264999701748,33.028042000265145],[-97.921274999747482,33.027465000323481],[-97.921285999618135,33.026774000355431],[-97.921319999953326,33.024701000333252],[-97.921331999648899,33.024012000245662],[-97.921346999717514,33.023079999838295],[-97.921376999854743,33.021328999753379],[-97.921387999725397,33.020288000086971],[-97.921397999771131,33.019358000041166],[-97.921398999596036,33.019170999624031],[-97.921398999596036,33.019123000230408],[-97.921407999816878,33.018419000346391],[-97.921411000189934,33.018184999835618],[-97.921413999664665,33.017946999767098],[-97.921420000410748,33.017457000217171],[-97.921432000106336,33.016260000227646],[-97.921511999573951,33.009447000136078],[-97.921525999817661,33.008260000216858],[-97.921642000168603,33.00128400031145],[-97.922412999922457,33.001285999780954],[-97.924726999907222,33.001291999695972],[-97.925499000384292,33.001296000141352],[-97.925709000446588,33.001302999790205],[-97.926209000038781,33.00131300014862],[-97.928339999725438,33.001358000240735],[-97.929051000103144,33.001373000015185],[-97.929170999753737,33.001375000236067],[-97.929532000327086,33.00138199987866],[-97.929652999802599,33.001384999832922],[-97.931016000108471,33.001412999903572],[-97.935105999952654,33.001497000062209],[-97.936470000083418,33.001527000314759],[-97.937075999980834,33.001536999894384],[-97.938893999673056,33.001573000029175],[-97.939470000331525,33.001584000088371],[-97.93950100029366,33.001584000088371],[-97.941204000358169,33.001612000095868],[-97.944782999841195,33.001671999759083],[-97.946314000376546,33.001693000121286],[-97.948018000265961,33.001716999668133],[-97.948820999806841,33.001727999709324],[-97.951231999876001,33.001763999766176],[-97.952036000140126,33.001776000284117],[-97.952161999638506,33.001776000284117],[-97.952539999930281,33.001783999624024],[-97.952666000326985,33.00178599983559],[-97.952900999605319,33.001790000258509],[-97.953295999615506,33.001796999868183],[-97.95518600017607,33.001835000107313],[-97.955541999828213,33.001841999713463],[-97.955816000362901,33.001848000344005],[-97.955872000439427,33.001849000072326],[-97.955956999929924,33.001854000220732],[-97.956038999945676,33.00187699999573],[-97.95609800039523,33.001857000159013],[-97.957418000145083,33.001882999870553],[-97.959398000218997,33.001924999736111],[-97.961378000292925,33.001967000335014],[-97.962698000042764,33.001995000220958],[-97.963495999560791,33.002012000093536],[-97.964016000142792,33.00202000016543],[-97.967971000267767,33.002088000370215],[-97.9692900001927,33.002111000084206],[-97.969722000012837,33.002117999668407],[-97.970369999743028,33.002130000138195],[-97.971018000371558,33.002141999852967],[-97.971451000016586,33.002149999913065],[-97.972817999622109,33.002173000364216],[-97.97321400035554,33.00217700001626],[-97.978505000123889,33.002239999973845],[-97.980269000287748,33.002261999924499],[-97.980308999572401,33.002261999924499],[-97.980429000121319,33.002262999648202],[-97.980470000129202,33.00226499984884],[-97.980706000130752,33.002267000049493],[-97.981414000135416,33.002274000374697],[-97.981650000136966,33.002277000298641],[-97.982363999989403,33.00228800027007],[-97.984506000445037,33.00232400009839],[-97.98522100012238,33.002335999786773],[-97.985314000008813,33.002335999786773],[-97.985453999750888,33.002338999708662],[-97.985592999668071,33.002340999907581],[-97.985685999554462,33.002343000106507],[-97.985723000262723,33.002343000106507],[-97.985780000164127,33.002343999829279],[-97.985836000240624,33.002343999829279],[-97.985873999875452,33.00234500030539],[-97.986109999877002,33.002346999750849],[-97.986464999704253,33.002351999871031],[-97.986820000429802,33.002356000268335],[-97.987057000256272,33.002359999912024],[-97.988245999586539,33.002386000228711],[-97.988336999823133,33.002387999673239],[-97.991813000272316,33.002446000118965],[-97.993003000325814,33.002468000018247],[-97.996792999696055,33.00256099966888],[-98.000351999985895,33.002650000344502],[-98.008165000151493,33.002739999895198],[-98.011956000244936,33.002784000295016],[-98.011998000077725,33.002785999730527],[-98.012008999948378,33.002787000201614],[-98.014240000092471,33.0028140001099],[-98.01901299982697,33.00287399970901],[-98.020932999626439,33.002897999687889],[-98.023163999770532,33.002926000031714],[-98.024752000207286,33.002944000194205],[-98.027135999613932,33.002974999670265],[-98.029519000094012,33.003005000173566],[-98.031108000355658,33.003024999750018],[-98.031145000165594,33.003024999750018],[-98.031202999891903,33.003026000218462],[-98.031258999968401,33.003026000218462],[-98.031296999603242,33.003026999933439],[-98.031321999717605,33.003026999933439],[-98.031397000060679,33.003026999933439],[-98.031422999999933,33.003027999648474],[-98.03146400000783,33.003027999648474],[-98.03152699975702,33.003027999648474],[-98.031586000206559,33.003029000116818],[-98.031628000039348,33.003031000300147],[-98.033224999798634,33.003050000155994],[-98.038015999974789,33.003108999880546],[-98.039554000182846,33.003129000186789],[-98.039612999734075,33.003129999900622],[-98.039729999909937,33.003131000367851],[-98.04008200026243,33.003134999976417],[-98.040200000263212,33.003137000157338],[-98.042561999928552,33.003166000138727],[-98.049647999822909,33.003253999738142],[-98.051894999860522,33.003281999968976],[-98.052011000211465,33.003282999681119],[-98.052217999900719,33.003284999858636],[-98.052838999866736,33.003292999815088],[-98.053047000279193,33.00329599970437],[-98.053655999651312,33.003302999947927],[-98.055484000287592,33.003323999921875],[-98.05609400038297,33.003331999874739],[-98.056095000207876,33.003263999875458],[-98.056099000405837,33.003061999745626],[-98.056100000230757,33.003018999952921],[-98.056101000055662,33.002997000190994],[-98.05615700013216,33.000189999674362],[-98.056182000246523,32.99614500001239],[-98.056183999896334,32.995965999967389],[-98.056186000444484,32.995554999626435],[-98.056187000269389,32.99530200021902],[-98.056186000444484,32.995153000130379],[-98.056240999797751,32.992759999919961],[-98.056246999645523,32.992474000224647],[-98.056291999851382,32.99050899974916],[-98.056295000224438,32.990389000269793],[-98.056471999776434,32.982471000091316],[-98.05647400032457,32.982290000294341],[-98.056481999822168,32.981749000096308],[-98.056482999647088,32.981734999956643],[-98.056486000020143,32.981570000242513],[-98.056487999669955,32.981381999630614],[-98.056497999715702,32.980817999914436],[-98.05650100008873,32.980631999899465],[-98.056505000286705,32.980382999800781],[-98.056517999807184,32.979638999752893],[-98.056522999830051,32.979390999850914],[-98.056523999654956,32.979329000143366],[-98.056526000203093,32.979242000030602],[-98.056527000028012,32.979143000005898],[-98.056528999677838,32.97908200011053],[-98.056530000401068,32.979047999816991],[-98.056537000073746,32.978791999846067],[-98.056556000340336,32.977617999775148],[-98.056588000127391,32.975731999868955],[-98.056589999777202,32.975605999742413],[-98.056593000150272,32.975480000189705],[-98.056631999609991,32.973230000302848],[-98.056658000447584,32.971768000306625],[-98.056747000136042,32.967663000337168],[-98.056954999650188,32.958175999802492],[-98.057015999749567,32.955349000352776],[-98.057106999986161,32.951244999886022],[-98.057126000252723,32.950208000095479],[-98.057185999628871,32.94709900004311],[-98.057205999720352,32.946063000222502],[-98.057214000116289,32.945612999884666],[-98.057240000055543,32.944267000219803],[-98.057249000276386,32.943818000172641],[-98.057250999926197,32.943662000213543],[-98.05726099997193,32.943196000223722],[-98.057264000344986,32.943041000315318],[-98.057271000017678,32.942619000296759],[-98.057291999934066,32.941360999756114],[-98.057300000330002,32.940941000094611],[-98.057344999637522,32.939157999756453],[-98.057362000254273,32.938461999641433],[-98.057548999852031,32.931027000101942],[-98.057611999601221,32.928550000350775],[-98.057624000195091,32.92804300016514],[-98.057661999829946,32.926523999926019],[-98.057675000248736,32.926018000027277],[-98.057700000363084,32.925215000214557],[-98.057779000005795,32.922806999900672],[-98.057805999769982,32.922005000233668],[-98.05778099965562,32.921666000180274],[-98.057760999564138,32.921389000020021],[-98.057767000310236,32.920871999856971],[-98.057754999716352,32.920651000309782],[-98.057748000043659,32.920504000018674],[-98.057753999891432,32.92036600006179],[-98.057769999784981,32.92031500003965],[-98.057794999899329,32.920233000134644],[-98.057794999899329,32.919080999875177],[-98.057806999594902,32.918992000195971],[-98.057825000036544,32.917915000008293],[-98.057872999717119,32.916182000296416],[-98.058019000205306,32.910983999687822],[-98.058041999771532,32.910183999997045],[-98.058046999794414,32.909908000115813],[-98.058051999817266,32.909591000138697],[-98.058057999665053,32.909252000049165],[-98.058095000373299,32.907377999699811],[-98.058205999803064,32.901759000078492],[-98.058242999612986,32.899901000074721],[-98.058242999612986,32.899885999664768],[-98.058250000183989,32.899600000313228],[-98.058271999925296,32.898744000016158],[-98.058280000321233,32.898459000138061],[-98.058280000321233,32.8984309998703],[-98.058271999925296,32.898350000204232],[-98.058283999620883,32.898323000047654],[-98.058290000366966,32.898263999732741],[-98.058303999712351,32.898186999748475],[-98.058344999720219,32.896554000069429],[-98.058477999789616,32.891244000200878],[-98.058522999995475,32.88947399966839],[-98.058523999820366,32.889439000119609],[-98.058541000437117,32.888683000305583],[-98.058596999615304,32.886316000007717],[-98.058615000056989,32.885587999760467],[-98.05861599988188,32.885527000190429],[-98.058639000346417,32.883706999688442],[-98.058659000437913,32.882217999898415],[-98.058778000263587,32.878251000228069],[-98.058834000340084,32.876432999718631],[-98.058837999639721,32.876361999720281],[-98.058841999837696,32.875768000109822],[-98.058857999731231,32.873773000021878],[-98.058863999579003,32.873108999751324],[-98.058870000325101,32.872761000236707],[-98.05887100015002,32.87269099999591],[-98.05887100015002,32.872653000057596],[-98.058871999974926,32.872620999699848],[-98.058873999624737,32.872530999669067],[-98.058895000439449,32.871288000328583],[-98.058902999937075,32.870835000181671],[-98.058923999853462,32.869922999956046],[-98.058938000097157,32.869321000198894],[-98.058989000150802,32.867190000322275],[-98.059011999717015,32.866279999838788],[-98.059015000090056,32.86612399978835],[-98.05902500013579,32.86566000004791],[-98.059027999610535,32.865571000257631],[-98.059030999983591,32.865505999938925],[-98.059077999839246,32.864102999766104],[-98.059092999907861,32.862312000223632],[-98.059093999732767,32.862215000194261],[-98.059094999557686,32.862152999832063],[-98.059114999649168,32.859933000342465],[-98.059116000372399,32.859834000324334],[-98.059117000197304,32.859809999983142],[-98.059122000220171,32.859603000355257],[-98.059128000067957,32.859397000074686],[-98.059128000067957,32.859379000108],[-98.059203000411046,32.85639300002039],[-98.059204000235951,32.856276999848319],[-98.059205999885762,32.856161000279251],[-98.059231000000125,32.855131000158771],[-98.059231999825045,32.855038000095639],[-98.059239000396047,32.854761999723635],[-98.059241999870778,32.854669999911856],[-98.059242999695684,32.85463000002958],[-98.05924600006874,32.854513999816234],[-98.059247999718551,32.854474999749463],[-98.059249000441795,32.854453999880576],[-98.059249000441795,32.854433000006672],[-98.059253999566351,32.85430699990436],[-98.059256000114473,32.854265999970245],[-98.059258999589218,32.854109000028934],[-98.059268999634952,32.853641999628266],[-98.059272999832913,32.853485999988983],[-98.059294999574234,32.852521999732673],[-98.059364999894413,32.84963499997081],[-98.059379999963042,32.849031999913592],[-98.05938800035895,32.848673999991078],[-98.05938800035895,32.84865700006425],[-98.059410999925177,32.847450999918692],[-98.059457999780847,32.84498999988643],[-98.059470000374716,32.84431599997118],[-98.059480000420479,32.843783999720259],[-98.059503999811596,32.842563000226278],[-98.059509999659383,32.842256000328746],[-98.059528999925959,32.841335000303211],[-98.059534999773732,32.841048999959462],[-98.059534999773732,32.841028999969517],[-98.059549000017441,32.840299999941408],[-98.059584000177537,32.838513000170359],[-98.059590999850244,32.838116000375663],[-98.059605999918844,32.837390000058505],[-98.059612999591536,32.836985999945369],[-98.059636999880993,32.835774999993639],[-98.059645000276916,32.835388999632571],[-98.059646000101807,32.835372000180364],[-98.059660000345531,32.835196999680527],[-98.059703999828145,32.834670999776641],[-98.059717000246934,32.834518000333098],[-98.05971800007184,32.834497000270495],[-98.059725999569451,32.834290999824368],[-98.05975200040703,32.83367699987317],[-98.059761999554468,32.833473000033969],[-98.059781999645949,32.83279300020417],[-98.059842999745314,32.830753999815883],[-98.059862999836795,32.830115000086955],[-98.059863999661701,32.83007499970531],[-98.059867999859677,32.829813000232157],[-98.059878999730316,32.829028000366854],[-98.059883999753197,32.828767000244831],[-98.059906000392829,32.82771700002079],[-98.059943000202736,32.825921999722979],[-98.059943000202736,32.825906000175785],[-98.059938000179869,32.825394999770495],[-98.059964000119137,32.824929999702306],[-98.059964999944043,32.824913999976417],[-98.059990999883325,32.822709999817192],[-98.059993000431447,32.822601999856133],[-98.060000999929059,32.822279999682067],[-98.06000299957887,32.822200999641545],[-98.060004000302115,32.822173999697597],[-98.06000500012702,32.822092999816505],[-98.060010000149887,32.821852000236767],[-98.060011999799713,32.821772999815671],[-98.060043999586767,32.821368000108087],[-98.06014400004419,32.820157000055673],[-98.060175000006339,32.819778000178445],[-98.060174000181419,32.819753000052017],[-98.060161999587535,32.819547000131465],[-98.060132000348631,32.819034000320279],[-98.060125999602533,32.818934999975966],[-98.060115999556771,32.818759000014204],[-98.060111000432229,32.818731000245528],[-98.060123000127788,32.818510999922353],[-98.06016099976263,32.817853000055727],[-98.060171999633297,32.817672000223347],[-98.0601730003565,32.817634000124094],[-98.060175000006339,32.817546000030575],[-98.060184000227167,32.817283999836562],[-98.060186999701898,32.81719699970207],[-98.060190999899859,32.817048000072241],[-98.060201999770513,32.816709999701878],[-98.060202999595433,32.816605999735778],[-98.060205999968474,32.816460000057027],[-98.0602229996869,32.81568300026975],[-98.060276000288667,32.813352999747501],[-98.060293000007107,32.812610999650531],[-98.060293999832027,32.812577999930696],[-98.060296000380163,32.812463000239255],[-98.060298999854879,32.812333999883059],[-98.060314999748428,32.811608000197552],[-98.06031700029655,32.811549000321314],[-98.0603209995962,32.811365999739351],[-98.0603209995962,32.811316999647488],[-98.060324999794162,32.811171000338291],[-98.060327000342298,32.811122999758034],[-98.060328999992123,32.811033999635882],[-98.060335999664801,32.810767999867856],[-98.060338000212965,32.810695999793673],[-98.060338000212965,32.810679999769292],[-98.060338000212965,32.810637000066961],[-98.060342000410913,32.810512000094242],[-98.060343000235818,32.810471000318529],[-98.060345999710563,32.810301999865025],[-98.060358000304433,32.809798999642382],[-98.060363000327314,32.809632000202754],[-98.060371999649817,32.8092460002294],[-98.060380000045754,32.808959999977695],[-98.060400999962155,32.808090000127322],[-98.060411000007889,32.80770600032222],[-98.060411000007889,32.807695000313188],[-98.0604129996577,32.807567999904414],[-98.060420000228717,32.80730500007423],[-98.060422999703448,32.80715599971311],[-98.060426999901409,32.80701900037176],[-98.060430000274451,32.806913999967563],[-98.060431000099371,32.80683699994465],[-98.06044500034308,32.806291000202563],[-98.060450000365947,32.80610899979488],[-98.060450000365947,32.806094999806177],[-98.060451000190852,32.806057999717538],[-98.060452000015758,32.806045999828271],[-98.060457000038639,32.805844000065747],[-98.060405999985008,32.804920999810143],[-98.060405999985008,32.80489800016732],[-98.0604129996577,32.804353999985928],[-98.060416000030742,32.804087999856691],[-98.060416000030742,32.804074000304752],[-98.060405999985008,32.803914999791111],[-98.060497000221602,32.801662000356615],[-98.060529999833577,32.800854999966944],[-98.060529000008657,32.800700000192172],[-98.060525999635615,32.80023799998137],[-98.060524999810681,32.800085999870902],[-98.060532000381698,32.799724999699684],[-98.060532000381698,32.799708999965688],[-98.06053999987931,32.799338999744066],[-98.060561999620631,32.798580999755146],[-98.060574000214501,32.798205999792998],[-98.060621000070171,32.796626000080479],[-98.060655000405362,32.795527000110589],[-98.060764000185316,32.791885000300248],[-98.060811999865876,32.790306999745447],[-98.060814000414027,32.790192999792495],[-98.06082399956145,32.789854000142185],[-98.060827999759411,32.789741000223366],[-98.060832999782278,32.78955499971682],[-98.060851000223934,32.789003000357091],[-98.060857000071707,32.788819000312678],[-98.060860000444777,32.788673000302076],[-98.060872999965255,32.788235000342745],[-98.060877999988108,32.788090000006918],[-98.060879999637933,32.788004999752204],[-98.060888999858761,32.787754000294044],[-98.060893000056723,32.787670000356293],[-98.060900999554335,32.787332000038809],[-98.060925999668697,32.786323999830628],[-98.060934999889525,32.785988000243712],[-98.060941999562218,32.785677000043449],[-98.06096699967658,32.784748000133931],[-98.060971999699447,32.784540999972904],[-98.060975000072503,32.784438999968195],[-98.060980999920275,32.784191000031463],[-98.060991999790929,32.783751999977177],[-98.060999000361946,32.783454000116627],[-98.061006000034638,32.78320900025399],[-98.061027999775945,32.782301999757507],[-98.061098000096138,32.779584000108919],[-98.061122000385581,32.778677999649268],[-98.061128000233381,32.778401999881837],[-98.061149999974688,32.777576999963465],[-98.061156999647366,32.777301999801459],[-98.061169000241264,32.776821000306484],[-98.061206000051186,32.775380999879843],[-98.061218999571665,32.774900999846487],[-98.061220000294867,32.774858000212845],[-98.061223999594517,32.774730999733123],[-98.061226000142653,32.774689000046088],[-98.061243999686013,32.773946999788713],[-98.061300999587431,32.771728000098676],[-98.061319999853993,32.770988000221159],[-98.061336999572418,32.7703109998793],[-98.061389000349294,32.768286999632508],[-98.061394000372147,32.768117999829336],[-98.06140699989264,32.767612000113715],[-98.061436000204935,32.766447000055351],[-98.061478999862658,32.764779999690489],[-98.061525999718313,32.76295299996751],[-98.061555999855543,32.761789000301739],[-98.061580000145,32.760815999733339],[-98.061656000312965,32.757896999955975],[-98.061681000427342,32.756925000147454],[-98.06168800010002,32.756647999929719],[-98.061689999749845,32.7566019998483],[-98.061709000016421,32.7558170001506],[-98.061715999689113,32.755540000263842],[-98.06172099971198,32.755319999977196],[-98.061736999605515,32.75466899965074],[-98.061770000115786,32.753341999920607],[-98.061801000077921,32.752056999869666],[-98.061822999819242,32.751187000240215],[-98.061823999644133,32.750806999993486],[-98.061826000192283,32.750132999719561],[-98.061698999970687,32.749684000080755],[-98.061596999863426,32.7493189996406],[-98.061574000297199,32.749237000319198],[-98.061564000251465,32.746549999765634],[-98.061544999984875,32.741436000276643],[-98.061534999939141,32.738863999980495],[-98.061531999566085,32.738235999792657],[-98.061523000243582,32.735672999749738],[-98.061528000266449,32.735466000327335],[-98.061543000335064,32.734866999826821],[-98.061589000365814,32.733072000100456],[-98.061605000259362,32.732474999630057],[-98.061612999756946,32.732176999659842],[-98.061780999986453,32.728974999652017],[-98.061904000010088,32.726643999969092],[-98.061994000421763,32.724944999921462],[-98.062000000269549,32.724857000335518],[-98.06200500029243,32.724768999906985],[-98.062335000005319,32.718479000180253],[-98.062366999792346,32.717876999932081],[-98.062437999937487,32.714972999830522],[-98.062544000242681,32.710661999664268],[-98.062554000288415,32.710189000037531],[-98.062555000113335,32.710151000140847],[-98.062565000159069,32.709724000189105],[-98.062575000204831,32.709304999761535],[-98.062601999969004,32.708192000171316],[-98.062682000334931,32.704947999792033],[-98.062771999848309,32.701260999799089],[-98.062800000335727,32.70029599987722],[-98.062801000160647,32.700257000194497],[-98.062827999924821,32.699221999944001],[-98.062828999749726,32.699190999998962],[-98.062821000252114,32.697924999702174],[-98.062827999924821,32.697718999725076],[-98.062836000320743,32.697514000167544],[-98.062846000366477,32.697256000188027],[-98.062854999688994,32.696998000218734],[-98.062864999734742,32.696730999685037],[-98.062974000412993,32.694044999737962],[-98.063065999576182,32.690240999882882],[-98.063333000438192,32.679343999738052],[-98.063345000133751,32.67888300011834],[-98.063362999677125,32.678112999659476],[-98.063386999966554,32.677503999778388],[-98.063391000164501,32.677325999965184],[-98.063484000050934,32.673444000075641],[-98.063520999860856,32.671954000192841],[-98.063608999724408,32.668338000094153],[-98.063709000181831,32.664181999798075],[-98.063766000083234,32.661799999752283],[-98.063858000144748,32.658040999633528],[-98.063860999619465,32.657918999737127],[-98.063891999581628,32.656630000366782],[-98.063987000016184,32.652768999712414],[-98.064019999628144,32.651482999904587],[-98.064028999848972,32.651110000023436],[-98.064055999613146,32.6499910001206],[-98.064065999658894,32.649618999985648],[-98.064115999887605,32.647568000235253],[-98.064176999986984,32.64512099973048],[-98.064264000025602,32.641416000153235],[-98.064279000094231,32.640812999930738],[-98.064280999744042,32.640742000170185],[-98.064283000292193,32.640674999673216],[-98.064283000292193,32.640660000142226],[-98.064317999553978,32.639365999914368],[-98.064320000102114,32.639260000060027],[-98.064327999599712,32.638944999858651],[-98.064330999972753,32.63884100034111],[-98.064341000018501,32.638406000219383],[-98.064351999889155,32.637951000019854],[-98.064352999714075,32.637907000098963],[-98.064368999607581,32.637236000325998],[-98.06438399967621,32.636586999974128],[-98.064397999919905,32.636028999910209],[-98.06439999956973,32.635949000244793],[-98.06440200011788,32.635868999751466],[-98.064402999942786,32.635756999848297],[-98.064406000315842,32.635644999804967],[-98.064421000384456,32.635033000036827],[-98.064454999821322,32.633791999928015],[-98.064454999821322,32.633775999903257],[-98.064658000210926,32.625613999928426],[-98.064660999685643,32.625575000176219],[-98.06466800025666,32.625174999796471],[-98.06471400028741,32.622905999939555],[-98.064715000112315,32.622859000288493],[-98.064720000135196,32.622607000176821],[-98.064720999960116,32.622552000109174],[-98.064722999609927,32.622447000230146],[-98.064788999732158,32.619714999738356],[-98.064828999915136,32.618303999634392],[-98.06485700040254,32.617442999866633],[-98.064865999725058,32.617171000061717],[-98.064874999945886,32.616902999812993],[-98.064976000228228,32.613773999946943],[-98.065013999863069,32.612644000041769],[-98.065074000137514,32.610813000105829],[-98.065089000206129,32.610362000282194],[-98.065254000062566,32.605327000304264],[-98.06531400033704,32.603511999995611],[-98.06531400033704,32.603497999967935],[-98.065372000063348,32.601751000309235],[-98.06537500043639,32.601629999780876],[-98.065561000209243,32.596029999930138],[-98.065594999646109,32.595017999887958],[-98.065623999958433,32.594164000260804],[-98.065647000422956,32.593476999888694],[-98.065673000362239,32.592701000143812],[-98.065823000150047,32.58831499984008],[-98.065825999624792,32.58825499990914],[-98.065874000203678,32.58685400009422],[-98.065870000005717,32.586575999783356],[-98.065863000333025,32.586027000225435],[-98.065869000180797,32.585958999775897],[-98.065884000249426,32.585745000117285],[-98.065904000340922,32.585468999909388],[-98.065909000363774,32.585449999937843],[-98.065925000257323,32.585394999758513],[-98.065931000105095,32.585376999651203],[-98.066018000143714,32.583287999863103],[-98.066023000166595,32.583128999973134],[-98.066256999619995,32.576383000375436],[-98.066259999993065,32.576324999990021],[-98.066341000183911,32.574137000024329],[-98.066347999856617,32.573914000087214],[-98.066377000168913,32.573057999965563],[-98.066419000001716,32.571780999825414],[-98.066517999735922,32.568858000070882],[-98.066649999980399,32.564714999842359],[-98.066726000148392,32.562359999866423],[-98.066747999889685,32.561652000322219],[-98.066813000187011,32.55952799996836],[-98.066835999753224,32.558821999629309],[-98.066675000094762,32.558818999858438],[-98.066192000220994,32.558816000087411],[-98.066032000387438,32.558816000087411],[-98.064808999823654,32.55880499966424],[-98.061141999578766,32.55877099972431],[-98.059919999738213,32.558761999648993],[-98.058785999761199,32.558752000153149],[-98.055383999830184,32.55872200014457],[-98.05424999985317,32.558711999887123],[-98.054230999586593,32.558711999887123],[-98.050368000421443,32.558686999995736],[-98.043198999788089,32.558642999745949],[-98.043091999657975,32.558642000325086],[-98.042986000251076,32.558642000325086],[-98.038724999804344,32.558615000057586],[-98.037687000086819,32.558608999744699],[-98.037621999789494,32.558608000323453],[-98.037557000390478,32.558608000323453],[-98.037463999605748,32.558608999744699],[-98.034845000022443,32.558591000317776],[-98.033281999700037,32.55857400030888],[-98.02859299963113,32.558526000043734],[-98.027031000031954,32.558511999803812],[-98.026672999831661,32.558507999843073],[-98.025600999778931,32.558497000139305],[-98.025244000301868,32.558494000357506],[-98.025096999988776,32.558484000074635],[-98.024655999947811,32.558457999939677],[-98.024510000357949,32.558450000013067],[-98.023862999554339,32.558447999652749],[-98.023700000246038,32.558447999652749],[-98.023537999864331,32.558447000229712],[-98.023356000289454,32.558446000049514],[-98.021971000242289,32.558440999905578],[-98.018284999730824,32.558426999652404],[-98.017935999751359,32.558422999687807],[-98.009000000377753,32.558319999970799],[-98.00714400015238,32.558298999940497],[-98.007058999763572,32.558297999758658],[-98.006975000097981,32.558297000333951],[-98.000538999583654,32.558222999717586],[-98.000506999796585,32.558222999717586],[-98.000316999825799,32.558221000109349],[-97.997791000128927,32.557886999793745],[-97.99654099980097,32.557833000310602],[-97.995400999976169,32.557783000031087],[-97.988322999579452,32.557504000261659],[-97.983525999555496,32.55731900037857],[-97.981406999564399,32.557335999868059],[-97.975052000139243,32.557390999842241],[-97.973022999661524,32.557409000267022],[-97.972933999973051,32.55740800007527],[-97.971018000371558,32.55739399966091],[-97.968230999660449,32.557374999798149],[-97.965269999770385,32.557359999943515],[-97.963368000412586,32.557351999919099],[-97.963354000168891,32.557351999919099],[-97.960518999777207,32.557334999675476],[-97.9530069999105,32.557292999906039],[-97.952523000211855,32.557290000083995],[-97.952038999614857,32.557287000261908],[-97.95201600004863,32.557287000261908],[-97.951917000314438,32.557287000261908],[-97.951672999916966,32.557286000068778],[-97.951429000417804,32.557283999682497],[-97.949182000380191,32.557271000199279],[-97.949129999603343,32.557271000199279],[-97.949023000371525,32.557270000005971],[-97.948547000170464,32.557265999989809],[-97.948471000002485,32.557265999989809],[-97.948388999986719,32.557265999989809],[-97.947927999854272,32.557263000166856],[-97.947772000218649,32.55726199997347],[-97.947614999859823,32.557260999780127],[-97.947597000316478,32.557260000343874],[-97.945223000057254,32.557245999906428],[-97.944432000211918,32.557243000082806],[-97.94440799992249,32.557243000082806],[-97.944393999678766,32.557243000082806],[-97.944339000325499,32.5572419998892],[-97.944316999685867,32.5572419998892],[-97.939317999995581,32.557212000132964],[-97.937489000432691,32.557202999901293],[-97.932347999553869,32.557174000326405],[-97.924324000399395,32.557128999897046],[-97.919325999635689,32.557100999736278],[-97.917519999639055,32.557109999978223],[-97.912104000197232,32.557139000330899],[-97.910299000025503,32.55715000020119],[-97.908473999762265,32.557161000070082],[-97.906201999610303,32.557174999763618],[-97.904922000043413,32.557182000366701],[-97.904613000246925,32.557183999998088],[-97.904491999873116,32.557182999803814],[-97.903111999848804,32.557193000231663],[-97.902999999695822,32.55719200003756],[-97.9011760001558,32.557205000289379],[-97.900981000162133,32.557205000289379],[-97.900397999830957,32.557205000289379],[-97.900203999662196,32.557205000289379],[-97.899818999697729,32.557205000289379],[-97.898663999804313,32.557205000289379],[-97.89827899983986,32.557205000289379],[-97.894097999759083,32.557205000289379],[-97.892972000177977,32.557205000289379],[-97.890699000201096,32.557205999726264],[-97.88155500041502,32.557248000293505],[-97.877375000159134,32.557268000376482],[-97.877355999892558,32.557268000376482],[-97.877062999989604,32.557268000376482],[-97.876129999854058,32.557272999828683],[-97.876079999625333,32.557274000021955],[-97.875820000232636,32.557268999812649],[-97.875718000125403,32.557267000183153],[-97.875411999803646,32.557263000166856],[-97.875311000419629,32.55726199997347],[-97.875311000419629,32.557327999841483],[-97.875312000244548,32.557354999739061],[-97.875137000342349,32.557353000111483],[-97.875071000220117,32.55735400030386],[-97.874542000315614,32.557350000291443],[-97.872956000426967,32.557343999893916],[-97.872460000134438,32.557343999893916],[-97.872428000347369,32.557343999893916],[-97.869983999767953,32.557335999868059],[-97.863450000242651,32.557315000364568],[-97.862654000374462,32.557311999786172],[-97.860210999619937,32.557303999757409],[-97.859931000135759,32.557302000128686],[-97.859091999711538,32.55729900030699],[-97.858858000258124,32.55729900030699],[-97.85881300005228,32.55729900030699],[-97.856925000039865,32.557292999906039],[-97.85126400037565,32.557274000021955],[-97.851179999811748,32.557275000215157],[-97.849413000173172,32.557270000005971],[-97.849377000188156,32.557268999812649],[-97.849292999624254,32.557265999989809],[-97.849024999835649,32.557264999796452],[-97.847970000399656,32.557264000360249],[-97.847618999872083,32.557264000360249],[-97.84759499958264,32.557264000360249],[-97.846759000429785,32.557260000343874],[-97.844181999780972,32.557251000116963],[-97.843323000163565,32.557248000293505],[-97.843001999773193,32.557245999906428],[-97.842041999873473,32.557243000082806],[-97.841722000206317,32.5572419998892],[-97.840633000435147,32.557236999678118],[-97.837366000223341,32.557225999818549],[-97.836278000277105,32.557222999994245],[-97.833796999887767,32.55719799968805],[-97.827933999658867,32.557140999963245],[-97.826356000166172,32.557124999874588],[-97.823875999601725,32.557100999736278],[-97.82318299966569,32.557093999884032],[-97.821103999857556,32.557073000323918],[-97.820411999746426,32.55706599971235],[-97.818857999644848,32.557019000350948],[-97.818841999751314,32.557011000296136],[-97.818772000329446,32.557007999707487],[-97.818403000258499,32.557003999679651],[-97.817295000220767,32.556991000155868],[-97.81692600014982,32.556988999763],[-97.815326000017492,32.556979000069589],[-97.815286999659435,32.556979000069589],[-97.8103850000535,32.556938999770395],[-97.808939999731876,32.556929000071413],[-97.808750999585982,32.55692799987429],[-97.808666999920405,32.556930999708442],[-97.80841500002532,32.556938999770395],[-97.808332000184649,32.556943999998076],[-97.808313999742978,32.556945000194958],[-97.808295000374713,32.556948000028541],[-97.808261999864456,32.556946999831645],[-97.808245000146016,32.556946999831645],[-97.807614999959171,32.556956000089023],[-97.806670000128051,32.556972000207772],[-97.805727999771662,32.556983000098548],[-97.805099000308033,32.556992000352274],[-97.799720999602741,32.556989999959434],[-97.798963000267662,32.556989999959434],[-97.798928999932485,32.556989999959434],[-97.798180999744858,32.556989999959434],[-97.797960999636828,32.556989999959434],[-97.796523999711127,32.556989999959434],[-97.794909000408509,32.556989999959434],[-97.794890999966825,32.556988999763],[-97.792448999935544,32.556988999763],[-97.789868999812001,32.556988999763],[-97.785084000381929,32.557006000072178],[-97.785054000244713,32.557006000072178],[-97.785029000130365,32.557006000072178],[-97.784966000381175,32.557006000072178],[-97.784879000342528,32.557006000072178],[-97.78436700015645,32.557007999707487],[-97.783673000395495,32.557011000296136],[-97.781926999774996,32.557003999679651],[-97.779141999612023,32.556995999623489],[-97.773071999693911,32.556979000069589],[-97.77035699985116,32.556972000207772],[-97.770120999849595,32.556972000207772],[-97.769955000168238,32.556972000207772],[-97.769847000213218,32.556972000207772],[-97.76945700022587,32.556972000207772],[-97.769290999646216,32.556972000207772],[-97.769077000284284,32.556969999814548],[-97.768435000401865,32.556969999814548],[-97.768221999966514,32.556969999814548],[-97.768164000240205,32.556969999814548],[-97.766425000190708,32.556966999981704],[-97.763424999942586,32.556965000345478],[-97.761037000337978,32.556965000345478],[-97.759355000189871,32.55696400014876],[-97.759305999786079,32.556969000375048],[-97.759283000219867,32.556965000345478],[-97.75924200021197,32.556965000345478],[-97.757871000408514,32.556962999952034],[-97.755617999624789,32.556961999755309],[-97.753758000099779,32.556958999922252],[-97.752388000121215,32.556958999922252],[-97.750305999940039,32.556957999725462],[-97.750146999931388,32.556953999695409],[-97.749961000158549,32.55694900022543],[-97.749924000348614,32.55694900022543],[-97.749700999867542,32.556943999998076],[-97.742683999570176,32.556786999985157],[-97.740259000155632,32.556732999840087],[-97.740013999933268,32.556728000357801],[-97.738618999840341,32.556719000077592],[-97.733698999792765,32.5566900003463],[-97.73205900037577,32.556681000062213],[-97.731841999742485,32.556679999862396],[-97.730485000182711,32.556671000334482],[-97.725916999589316,32.55664400023111],[-97.725842999969473,32.55664400023111],[-97.725764000326762,32.556643000030817],[-97.724190999958594,32.556633999742076],[-97.72266699999426,32.556624000009052],[-97.718097999575946,32.556598000092329],[-97.716575000334828,32.556589999999971],[-97.714639999568433,32.556561999671047],[-97.708835999789102,32.556479000348261],[-97.706901999745924,32.556452000187122],[-97.706589999576394,32.556446999932007],[-97.705653999966117,32.556434999772996],[-97.705341999796559,32.556430999719623],[-97.705132999559211,32.556434999772996],[-97.704509999943355,32.556452000187122],[-97.704302000429209,32.556457999887066],[-97.704176000032518,32.556461999939252],[-97.704129000176849,32.556463000141555],[-97.703610000318079,32.556478000146114],[-97.703437000065719,32.556482999642327],[-97.703367999570418,32.556482999642327],[-97.703164000254233,32.556489000097393],[-97.70309599958388,32.556491999946218],[-97.703025000337078,32.556493000148187],[-97.702815000274782,32.556500000047301],[-97.702744999954589,32.556502999895756],[-97.702703999946721,32.556502999895756],[-97.702582999572883,32.556506999945931],[-97.702543000288216,32.556509000349543],[-97.702363000363164,32.556510999995858],[-97.701826000062724,32.556524000346357],[-97.701646999962591,32.556527999638419],[-97.701606999779628,32.556527999638419],[-97.701487999953926,32.556530000041555],[-97.701448999595868,32.556531000243105],[-97.701425000204736,32.556531000243105],[-97.701357000432679,32.556532999889015],[-97.701333999968156,32.556534000090537],[-97.701323000097489,32.556534000090537],[-97.7012810002647,32.556535999736361],[-97.701162000439012,32.556538000139319],[-97.700806999713464,32.556545000034923],[-97.700727000245834,32.556546999680513],[-97.700688999712668,32.556547999881886],[-97.700670000344417,32.556547999881886],[-97.700615999917744,32.556550000284567],[-97.700598000374384,32.556550999728721],[-97.700548000145673,32.556551999930043],[-97.700398000357865,32.556554999776701],[-97.700348000129154,32.556555999977967],[-97.700334999710364,32.556555999977967],[-97.700296000250603,32.556555999977967],[-97.700283999656719,32.556557999623323],[-97.700224000280585,32.556557999623323],[-97.700045000180438,32.556561999671047],[-97.699985999730899,32.556565000274588],[-97.699938999875229,32.556565000274588],[-97.699798000308235,32.556569000321943],[-97.699752000277485,32.556569999765898],[-97.699738000033776,32.556569999765898],[-97.699696000200987,32.556569999765898],[-97.699682999782198,32.556570999967001],[-97.699620000033008,32.556572000168089],[-97.699430999887113,32.556576000215195],[-97.699368999962829,32.556577999860082],[-97.699333999802732,32.556579000061099],[-97.699300000365866,32.556577999860082],[-97.699096000151357,32.556572000168089],[-97.6990280003793,32.556569999765898],[-97.69894499964029,32.556566999919731],[-97.698696000118275,32.556558999824553],[-97.698613000277618,32.556557000179239],[-97.698585999615105,32.556555999977967],[-97.69856700024684,32.556554999776701],[-97.698511999995262,32.556553000131288],[-97.698493999553591,32.556553000131288],[-97.69833399972002,32.556547999881886],[-97.698059000258738,32.556539999785009],[-97.697854000219309,32.556532999889015],[-97.697695000210658,32.55652899983999],[-97.697680000142043,32.556527999638419],[-97.697636999586024,32.556527000194009],[-97.69762300024064,32.556527000194009],[-97.697597000301371,32.556524999790859],[-97.697521999958312,32.556524000346357],[-97.697496999843935,32.556524000346357],[-97.697268000413416,32.556516999691951],[-97.696582000150059,32.556495999996876],[-97.696353999646107,32.556489000097393],[-97.696273000353557,32.556486000248462],[-97.696032000329154,32.556479000348261],[-97.695690999847287,32.556468999840789],[-97.695581000242441,32.556465999991268],[-97.694649999756692,32.556437999623611],[-97.694325000066684,32.556429000071432],[-97.694203999692874,32.556423999815109],[-97.69384200019293,32.556415000261524],[-97.693721999644026,32.556411999653022],[-97.69365200022213,32.556408999801519],[-97.693442999984768,32.556403000098229],[-97.693374000387792,32.556400999692265],[-97.693348000448523,32.556399000043413],[-97.693217999853871,32.55639600019154],[-97.693028999707977,32.556393999785428],[-97.692753000421774,32.556389999730207],[-97.69259799971276,32.556388000081135],[-97.692406000092134,32.556385000228822],[-97.691832999806678,32.556375999914209],[-97.69180799969233,32.556375999914209],[-97.691642000010972,32.556373000061519],[-97.691406000009437,32.556369000005375],[-97.691271000290229,32.55636499994911],[-97.690159000054521,32.556348000275662],[-97.689808000425231,32.556344000218409],[-97.689789000158655,32.556344000218409],[-97.687578000106058,32.556308999899251],[-97.684114000250759,32.556255999671095],[-97.680944999948252,32.556207000232419],[-97.678733999895627,32.556173000065307],[-97.678719999651932,32.556173000065307],[-97.678352000304201,32.556167000346228],[-97.677206999558237,32.556148000223743],[-97.676825999791731,32.556144000157566],[-97.676451999697917,32.55613899988537],[-97.674650999724136,32.556120999963007],[-97.669585999911604,32.556071000243904],[-97.66949300002517,32.556070000037217],[-97.66433699997603,32.556019000082507],[-97.66424599973945,32.556017999875252],[-97.663778999759202,32.556016000217873],[-97.662380000366639,32.55601300035314],[-97.661914000211326,32.556012000145813],[-97.659693000112981,32.5559870002594],[-97.658742000434074,32.555976999697165],[-97.651280999722687,32.555896999701986],[-97.651094000124942,32.555895000041922],[-97.650905999803967,32.555892999624689],[-97.650817999940415,32.555892000173202],[-97.649228999678741,32.555874000201307],[-97.646058999551315,32.555839999908031],[-97.645909999588383,32.555838000246673],[-97.645462999699646,32.555832999957424],[-97.645314999561649,32.555831999748108],[-97.644856999802244,32.555827000215629],[-97.643485999998759,32.55581200010225],[-97.643029000064274,32.555808000021095],[-97.6411579997703,32.555780000205338],[-97.63554800015973,32.555694999737611],[-97.633677999690661,32.555669000308917],[-97.6334989995905,32.555665999675405],[-97.63296499966313,32.555658000257083],[-97.632813000225468,32.55565599983457],[-97.632787000286214,32.55565599983457],[-97.632772000217585,32.55565599983457],[-97.63263099975228,32.5556529999578],[-97.632163999772061,32.555645999992564],[-97.632008999961357,32.555644000326907],[-97.631296999758732,32.55563300027206],[-97.629161000049194,32.555601000311334],[-97.628449999671503,32.55559099970607],[-97.627820000382954,32.555582000069016],[-97.625930999647323,32.555554999637991],[-97.62530200018368,32.555545999997257],[-97.623654000370777,32.555532000049595],[-97.6187130004068,32.555494999744752],[-97.618032000166323,32.555490999649471],[-97.617665999570121,32.555487999767188],[-97.617066000418816,32.555483999671594],[-97.617005000319438,32.555483999671594],[-97.616992999725568,32.549039999624817],[-97.616996999923529,32.547166000220606],[-97.616989000425917,32.546152000076269],[-97.616934999999231,32.540220000359035],[-97.616933000349405,32.539971999621997],[-97.616905999686921,32.537514000031138],[-97.616904000037096,32.537270000301547],[-97.616867000227174,32.533704999974219],[-97.616868999877013,32.533241999772905],[-97.616864999679052,32.532950999952789],[-97.616866000402254,32.53259900018827],[-97.616866000402254,32.532370999940369],[-97.616864999679052,32.532200000321346],[-97.616864999679052,32.531962000367365],[-97.616861000379402,32.531489999732386],[-97.616811999975596,32.53012199994015],[-97.616796999906981,32.529472999997544],[-97.616787999686153,32.528939999945848],[-97.616781000013461,32.528709000237129],[-97.616779000363636,32.528477000177737],[-97.616786000036313,32.527833000046265],[-97.616791000059195,32.527287000072768],[-97.616775000165674,32.526630000366964],[-97.616734999982711,32.524993999961545],[-97.6166999998226,32.523857000376189],[-97.616698999997695,32.523766000371076],[-97.616693999974814,32.523685999699495],[-97.616685999578905,32.523257999706466],[-97.616616000157009,32.520471000066252],[-97.616615000332104,32.520313000054529],[-97.616612999783968,32.520215999641245],[-97.616524000095495,32.515302000169633],[-97.61647499969169,32.513382000207578],[-97.616473999866798,32.513281000185984],[-97.616472000216959,32.513180999977742],[-97.616466000369186,32.512727000209061],[-97.616242000063195,32.507845999936649],[-97.616221999971714,32.507404999625848],[-97.616164000245391,32.506086000132534],[-97.616102000321106,32.504674999814597],[-97.616099999772985,32.503848000206034],[-97.616012999734338,32.49833800018898],[-97.616000000213859,32.497237999888576],[-97.615979000297472,32.495855999836685],[-97.615941999589239,32.493443000223749],[-97.615939000114494,32.493202999623904],[-97.615888000060878,32.490522999692729],[-97.616088999902317,32.48590800004748],[-97.616159000222524,32.484326000157587],[-97.616247999910982,32.479927999658237],[-97.616252000108943,32.479762999822071],[-97.616261000329786,32.479318000042035],[-97.616283999895998,32.479120999923886],[-97.616310999660172,32.478711000253497],[-97.616376999782403,32.477944999650681],[-97.616472000216959,32.476960000184555],[-97.616482000262707,32.476834999820127],[-97.616986000052876,32.471650000084907],[-97.617053000000027,32.471091000143105],[-97.616971999809167,32.467567999947484],[-97.616938000372286,32.465303000347078],[-97.616876000448002,32.463282000220062],[-97.616863999854132,32.462878000306794],[-97.616802999754754,32.458964999921591],[-97.616801999929862,32.45889199989341],[-97.616797999731901,32.458669000354575],[-97.616796000082076,32.458515999807815],[-97.616796000082076,32.458498999815205],[-97.616795000257156,32.458436999993467],[-97.616767999594657,32.456729999950433],[-97.616741999655389,32.455022000340833],[-97.616664999662504,32.450037999961125],[-97.61662000035497,32.444801000039064],[-97.616613999608873,32.44402399976282],[-97.616606999936181,32.443245999665166],[-97.616595000240608,32.441744000065789],[-97.616584000369969,32.441000999745306],[-97.616500999630972,32.439465000302739],[-97.616421999988248,32.434339999937649],[-97.616411000117594,32.433729000083872],[-97.616389000376302,32.432655999806123],[-97.616323000254042,32.429407999854348],[-97.616313000208308,32.428987000215251],[-97.616313000208308,32.428911999956199],[-97.616313000208308,32.428896999896935],[-97.6163049998124,32.428505999644933],[-97.616295999591557,32.427809000266066],[-97.616292000291907,32.427372999673842],[-97.616290999568676,32.42556599990408],[-97.616258999781621,32.424134999835523],[-97.616011000084526,32.413342000226251],[-97.615995000190978,32.412493000194758],[-97.615867000144462,32.40570499977153],[-97.615846000228061,32.404332999732389],[-97.615771999709921,32.399462000184592],[-97.615768000410284,32.399199999783761],[-97.615760999839267,32.398711999644611],[-97.615751999618425,32.398092000208308],[-97.615691000417371,32.39361100016783],[-97.615668999777768,32.392592999730716],[-97.61562899959479,32.389907999622835],[-97.615568000393722,32.384776000278372],[-97.615564000195775,32.384531999874902],[-97.615564000195775,32.384511000235292],[-97.615564000195775,32.384442999815498],[-97.615559999997814,32.38414699989076],[-97.615559000172894,32.384016999791598],[-97.615556999624758,32.382858000284962],[-97.615555999799852,32.381839000163112],[-97.615555999799852,32.381682000263098],[-97.615555999799852,32.381631000062903],[-97.6154830000049,32.373275999994441],[-97.615479999631873,32.372776999736864],[-97.615423999555361,32.362497999800176],[-97.615425000278606,32.362325999946222],[-97.615422999730455,32.362080000212785],[-97.615420000255725,32.361747000340266],[-97.615421000080644,32.361481000203554],[-97.615411000034896,32.360579000355365],[-97.615400999989134,32.35998600016714],[-97.61539199976832,32.358360999871749],[-97.615318999973383,32.349729000340872],[-97.61531099957746,32.348504000135044],[-97.61529499968394,32.347721000316177],[-97.615303000079848,32.347576999768705],[-97.615302000254957,32.347457999891695],[-97.615299999706821,32.347195000220438],[-97.615298999881901,32.346991999835936],[-97.615279999615325,32.344824000298502],[-97.615267000094832,32.343318999753407],[-97.615282999988381,32.343318999753407],[-97.615301000430037,32.338387999857929],[-97.615298000056995,32.337982999694205],[-97.615273999767552,32.335880000053372],[-97.615307000277809,32.331587000279143],[-97.61528100033857,32.328689999905343],[-97.61524799982827,32.323084999764724],[-97.615221000064096,32.319017999705174],[-97.615221999889002,32.318673999837202],[-97.615555999799852,32.318670999656064],[-97.615719000006479,32.318668000233949],[-97.61571999983137,32.318617000174271],[-97.615717000356653,32.317936000108041],[-97.615688999869235,32.31053200026124],[-97.615679999648393,32.308215000069112],[-97.61567399980062,32.306724999653063],[-97.615652999884219,32.302566999894864],[-97.61557800043947,32.283498000028551],[-97.61557800043947,32.283433999648722],[-97.615573000416603,32.28247699978391],[-97.615558000347988,32.281415000364362],[-97.615556999624758,32.280811000095873],[-97.615551999601891,32.280424999733896],[-97.615554000150013,32.279043999844241],[-97.615556999624758,32.277026999827285],[-97.615488000027796,32.265718000064837],[-97.615468999761205,32.26192200013439],[-97.615455000415821,32.25949200013379],[-97.615445000370073,32.257116999827488],[-97.615430000301473,32.255406999968258],[-97.615410000209977,32.250180000284004],[-97.615329999844036,32.25010000005453],[-97.615252000026231,32.236094000195109],[-97.615241999980498,32.234184000202816],[-97.615195000124828,32.230327999825811],[-97.615195000124828,32.230201000044637],[-97.615195000124828,32.230083000304383],[-97.615191999751787,32.228814000239787],[-97.615180000056213,32.225283999839199],[-97.61516800036064,32.221751999664576],[-97.615163000337773,32.220356999833484],[-97.615158000314892,32.218964000169365],[-97.615122000329876,32.217230000086481],[-97.615110999560926,32.216730000263844],[-97.615113999933968,32.216537999887059],[-97.615119999781754,32.215474000108976],[-97.615077999948952,32.210334999722583],[-97.61507600029914,32.210036000001928],[-97.615053999659523,32.207270000003717],[-97.615052000009698,32.207023000111143],[-97.615050000359872,32.206778000108969],[-97.615052999834603,32.206460000021742],[-97.615056000207659,32.206142000342957],[-97.615056000207659,32.206089999816434],[-97.615057000032564,32.206000999971863],[-97.615057999857484,32.205913000330312],[-97.615055000382725,32.205585000363506],[-97.615058999682375,32.20456900033922],[-97.615062000055445,32.204345000183757],[-97.615065000428501,32.204119999927009],[-97.615047999811736,32.203977999910954],[-97.615087000169794,32.203490999756717],[-97.61449299996795,32.203490000200134],[-97.61345000022753,32.203610000122524],[-97.612850000177914,32.203736999804583],[-97.612459000365675,32.203818999672727],[-97.611871999836509,32.203904999955611],[-97.610982000256996,32.204025999641424],[-97.610439999933689,32.204060000321967],[-97.609917999701864,32.204123000096232],[-97.609663000332048,32.204153999812291],[-97.609507999623034,32.204163999865571],[-97.608939000433864,32.204187000135931],[-97.608259999843227,32.204195999876625],[-97.607120999843332,32.204183999968819],[-97.605623999643157,32.204155000121709],[-97.603076000204993,32.204150000094749],[-97.602646999859587,32.204155000121709],[-97.602205999818622,32.204187000135931],[-97.601762000302926,32.204239999778423],[-97.601043000427623,32.204224999710668],[-97.599839999955321,32.204200999901126],[-97.599333999617016,32.204153000262984],[-97.599177000156502,32.204131999843248],[-97.59866800034348,32.204006000263561],[-97.598259999914475,32.203930000155147],[-97.597679000131421,32.203702000209191],[-97.597011000309763,32.203304999946297],[-97.595312000443215,32.202425000223698],[-97.595151999711334,32.202340999960576],[-97.594570000103374,32.201959999856832],[-97.594099999750085,32.201560000099889],[-97.593578000416585,32.200974000089182],[-97.592779000175341,32.200138999822393],[-97.592620000166661,32.199979999715978],[-97.592268999639089,32.199419999691081],[-97.592107999980584,32.19917000019602],[-97.591739999734571,32.198539999638214],[-97.591478999618658,32.197910000039514],[-97.591143999882902,32.197350999821317],[-97.591059000392406,32.197210000268313],[-97.590922000125062,32.196951000326081],[-97.590729999606111,32.196589000316202],[-97.590529999589563,32.196060000139425],[-97.59037999980174,32.1957099998926],[-97.590189000006035,32.195109999812814],[-97.590023000324678,32.194327000144376],[-97.589959999677177,32.194028999922047],[-97.589819999935102,32.193490000362587],[-97.589802000391757,32.193321000317212],[-97.589758999835723,32.193161000030052],[-97.589649000230864,32.190883000114589],[-97.589650000055784,32.190873000122046],[-97.589650000055784,32.190170000328251],[-97.589809000064449,32.188911999669394],[-97.589890000255309,32.18848000012828],[-97.590086000073867,32.187824000283427],[-97.590247999557278,32.187377000336021],[-97.590661000009135,32.186598999752547],[-97.590900000383741,32.186150000377737],[-97.591082999783538,32.185933000261997],[-97.591210999830054,32.185791999744865],[-97.591302000066662,32.185686999978159],[-97.591374000036666,32.185604999735808],[-97.592230000179327,32.184800000323911],[-97.592810000137476,32.184420000291077],[-97.593800999999345,32.183824000142032],[-97.594308999987462,32.183551999996901],[-97.594507000354184,32.183446999927483],[-97.595338000382483,32.18308500018626],[-97.595998999633153,32.182728000210091],[-97.596544000329516,32.182472000234227],[-97.597351000068358,32.182149999670109],[-97.598187999944457,32.181828000248132],[-97.599208000118637,32.181470000106444],[-97.59994799991037,32.181081000115192],[-97.600395999624013,32.180856000119952],[-97.60078300013663,32.180598999634377],[-97.601389999858938,32.180099999773709],[-97.601579999829738,32.179910000031214],[-97.601912000090763,32.179506999697367],[-97.602158999962967,32.179203999739478],[-97.602374000048115,32.178853000236657],[-97.602528000033914,32.178348000174843],[-97.602569999866702,32.17763000033014],[-97.602533999881686,32.177357999929178],[-97.602518999813071,32.177259999993744],[-97.602420000078865,32.176840000379293],[-97.602328999842271,32.176539000376501],[-97.602070000274495,32.176128999810359],[-97.601878999580464,32.175869999949761],[-97.601680000287161,32.17567000036361],[-97.601310000391322,32.175429999672254],[-97.600859000304609,32.175210000256989],[-97.600512999799875,32.175054000308151],[-97.60013700005625,32.174963000024519],[-97.599532999808659,32.174817999760656],[-97.598900000147069,32.174582000122307],[-97.597722999614049,32.174137000310061],[-97.595939000257005,32.173966000311431],[-97.59446100032342,32.174106000254085],[-97.593256000201293,32.174344000119028],[-97.592930999612975,32.174374000217554],[-97.591184999890785,32.175091999881673],[-97.589086999816075,32.176260000008334],[-97.588152999855609,32.17673600002351],[-97.585560000211586,32.178055000043003],[-97.585488000241568,32.178092000049396],[-97.583770000108473,32.178744999825028],[-97.582118000097609,32.179543999874049],[-97.580277999765755,32.180254999630101],[-97.578628000303027,32.180770999909448],[-97.577527999762907,32.180942999859631],[-97.577369999579147,32.18095099981408],[-97.575946999897141,32.181023999935817],[-97.574566000047923,32.180838999628023],[-97.574483000207266,32.180801999977568],[-97.574313000327948,32.180726000257856],[-97.574058000059807,32.180612000179266],[-97.57380199996679,32.180497999958007],[-97.573632000087471,32.180421999984567],[-97.573395000261016,32.180314999724459],[-97.573031000212936,32.180075999684071],[-97.572442000033959,32.179689000216165],[-97.571225000216288,32.179026999658959],[-97.570612999572774,32.178694000198618],[-97.570583000333869,32.178677000063296],[-97.570420999952162,32.178551000214142],[-97.569855000237723,32.178109000293873],[-97.569666000091829,32.177961000205805],[-97.569377000386837,32.177735000264832],[-97.569363000143127,32.177716000271118],[-97.569169999799286,32.177561999735836],[-97.568259000303343,32.176259000152605],[-97.567691000040782,32.175011999720603],[-97.567481999803405,32.174156000290111],[-97.567480000153594,32.174143000344188],[-97.567521000161463,32.174124000361495],[-97.567502999719807,32.173519999884697],[-97.567479000328674,32.172686000090067],[-97.567708999584127,32.171442999795403],[-97.56787400033889,32.169545999884285],[-97.56808000020321,32.16780099991928],[-97.567849000224527,32.166572000110989],[-97.567383000069199,32.165340999740948],[-97.566768999775874,32.164587999829884],[-97.566497999614228,32.164332999797566],[-97.565106999719276,32.163181000329296],[-97.5647999995726,32.162777999736598],[-97.564679999922006,32.1623540002307],[-97.56464399993699,32.161675999661306],[-97.56475299971693,32.160976000377914],[-97.564960000304495,32.16055900028806],[-97.565828999967636,32.159673000039682],[-97.566340000328793,32.159238000067681],[-97.567193999923319,32.158170000098238],[-97.567674000322341,32.157701000064478],[-97.568636999696807,32.156917000316525],[-97.569255000188107,32.156222999913702],[-97.569681000160443,32.155744999780161],[-97.570470000355968,32.154510999635292],[-97.570655000303873,32.153942999763011],[-97.570682000068075,32.153858000295713],[-97.570703999809368,32.153520000323475],[-97.570594000204522,32.152888000045714],[-97.570340999586207,32.152239000203714],[-97.569676999962482,32.151285000013942],[-97.569128999791403,32.150833999682106],[-97.568716000237856,32.15049399962799],[-97.568317999854571,32.150243999651607],[-97.568020999753656,32.150136999689508],[-97.567520000336557,32.149956000356163],[-97.566588000025902,32.149930999785468],[-97.560442999764717,32.149399000375816],[-97.558472999736551,32.149221000034586],[-97.557455000110494,32.14922600003608],[-97.556291999821156,32.149535000205788],[-97.554550000296942,32.149568999941408],[-97.553372999763894,32.14929200018242],[-97.552025000424962,32.148742000291527],[-97.551139000145071,32.148286999657728],[-97.549569999974892,32.147457000032254],[-97.548661999953694,32.146892000092819],[-97.546443000403485,32.145530000007312],[-97.545068000402054,32.144689999883127],[-97.541499000066452,32.142491999881841],[-97.537698999752166,32.140499000275348],[-97.535809000089927,32.139739999714436],[-97.530478999963506,32.137803999928025],[-97.528476000323366,32.13707499996594],[-97.526841999855861,32.136479999960507],[-97.526338999890612,32.136286000118098],[-97.524747000154193,32.135633000318116],[-97.522730000270357,32.135031000159735],[-97.522223000107147,32.134879999915022],[-97.521813000028331,32.134759999940236],[-97.518712000396192,32.134223999748222],[-97.515718999820763,32.133764999931607],[-97.514332999948678,32.13380199966597],[-97.512487999593958,32.134218999684748],[-97.511331000050745,32.134908999764789],[-97.5109979999648,32.135108000268914],[-97.509932999584777,32.135912000331722],[-97.509633000009117,32.136139000092044],[-97.509059999723675,32.136898999721687],[-97.508360999939839,32.138075000231375],[-97.508158000448574,32.138438000341459],[-97.508005000287696,32.139354999815204],[-97.508310999711128,32.14060399964513],[-97.508669999736341,32.141049999930935],[-97.509504999962601,32.141803000356312],[-97.511001000337856,32.143856000133837],[-97.511652000441117,32.145379999846405],[-97.512196000414221,32.146667000077741],[-97.512717999747736,32.148616000109342],[-97.512954999574205,32.150301000077697],[-97.513455999889629,32.152579999949154],[-97.513768000059144,32.155613999740218],[-97.513434000148308,32.157902999671208],[-97.513213000215387,32.15887699996879],[-97.513067999552106,32.159466999633452],[-97.512484000294322,32.160901000108566],[-97.512138999614521,32.161414999732635],[-97.511787000160311,32.161935000337472],[-97.511336000073598,32.16227900033509],[-97.511142999729756,32.16242400002681],[-97.510494999999565,32.162782999754853],[-97.509587999803259,32.163127000353263],[-97.508545000062867,32.163392999925563],[-97.507668000003818,32.163371999987568],[-97.507002999656862,32.163256000242825],[-97.505523000073438,32.163049000331441],[-97.503751000411981,32.16282599990069],[-97.502985999607603,32.162767999699234],[-97.502357999968879,32.162865000015394],[-97.501735000353037,32.162971000242855],[-97.501146000174074,32.163097000352778],[-97.499710999898184,32.163399999903802],[-97.497996999963036,32.163767000292047],[-97.496336999556263,32.16412300008497],[-97.494713999857709,32.164558000310436],[-97.49448000040428,32.164627999934211],[-97.493389999909908,32.165198000083002],[-97.492769999768782,32.165706999943446],[-97.491506000095441,32.167200999917405],[-97.490367000095574,32.168575000152714],[-97.490074000192607,32.168872000114511],[-97.489007999987663,32.169942999884434],[-97.488294999960132,32.170554999856613],[-97.487945000155761,32.1707929998759],[-97.487682000390024,32.170971999819358],[-97.487489999871102,32.171101999918875],[-97.487418999725989,32.171152000083197],[-97.487411000228377,32.171158000313966],[-97.486632000078615,32.171542999722242],[-97.486372999612513,32.171623999795457],[-97.485849999555811,32.171784999820915],[-97.485328000222282,32.171948000128268],[-97.485103999916305,32.172016000352144],[-97.483386999608101,32.172431999811629],[-97.481015999721947,32.172758000099982],[-97.480467999550854,32.172840999639526],[-97.476616000256357,32.173425999928646],[-97.476085999628609,32.173459999875426],[-97.475830000433888,32.173571000127623],[-97.475817000015098,32.173586999810283],[-97.475802999771389,32.173596000295923],[-97.47555400024936,32.173716999979341],[-97.475076000398488,32.173945999650293],[-97.47490800016898,32.17402699986755],[-97.473660000389174,32.174627999642304],[-97.473641000122583,32.174636000151487],[-97.473202999556349,32.174849000334639],[-97.472288999687379,32.175290000244125],[-97.471810999836492,32.17551999962545],[-97.472527000237079,32.176470999727819],[-97.472584000138468,32.176546999957516],[-97.472612999552481,32.176588999837108],[-97.474294999700575,32.179090999860932],[-97.474986999811705,32.18014899974699],[-97.475449999593977,32.180857999730357],[-97.475985000244577,32.181679000326213],[-97.47529999980614,32.18183200018656],[-97.475088999918952,32.181878999639828],[-97.466105999791353,32.183888999785303],[-97.462821000036215,32.184682999974619],[-97.457048000219004,32.185970999857147],[-97.456972000051039,32.185988000151099],[-97.441948000317623,32.189337999648188],[-97.441852000058148,32.189360000153322],[-97.432063000016626,32.19154300023142],[-97.415008000155666,32.195346999860924],[-97.414901999850457,32.195370999725526],[-97.409976999779985,32.19646900025549],[-97.395409000156192,32.199719999698665],[-97.395392000437738,32.199724000371191],[-97.388141999613566,32.201341000318337],[-97.387400000172008,32.201506999656139],[-97.385822999605907,32.201857999983218],[-97.385739999765235,32.201875999924511],[-97.385657999749469,32.201895000196529],[-97.385599000198255,32.20190799998025],[-97.385528999878048,32.201924000003928],[-97.383652999561193,32.202342000289946],[-97.379523000432343,32.203263000230727],[-97.379438000043521,32.203282999771943],[-97.379042000208401,32.203370000119463],[-97.378299000043654,32.203536000315744],[-97.377977999653282,32.203608999807109],[-97.377663000009008,32.203678999816198],[-97.377586999841029,32.203695999842822],[-97.37529299994776,32.204209000091673],[-97.37297599958994,32.204706999739635],[-97.372851999741371,32.204734999867853],[-97.372728999717737,32.204761999684727],[-97.37261400009001,32.204786000106381],[-97.372497999739039,32.204811000063799],[-97.365493000035556,32.206320999954698],[-97.365154000101839,32.206394000251542],[-97.365072999910993,32.206410999770775],[-97.362491999962529,32.206966000216092],[-97.361612000428721,32.207155000211024],[-97.361517999819085,32.207174999656672],[-97.361402000366454,32.207199999717609],[-97.360928999640123,32.207302999957051],[-97.36080800016461,32.207329000257324],[-97.360687999615692,32.207354999790127],[-97.357806000266663,32.207974000211685],[-97.357401000210714,32.208060999873091],[-97.355584000343413,32.208453000111128],[-97.333594000366276,32.213185999650271],[-97.333577999574416,32.213199000100516],[-97.33341600009102,32.213225000235347],[-97.333251000234597,32.213261000175983],[-97.332089999595084,32.213510000261635],[-97.331887000103805,32.21355400021811],[-97.33168399971423,32.213596999947718],[-97.331121000372832,32.213717999661007],[-97.331032999610969,32.213737999943618],[-97.329233000360418,32.214124999795182],[-97.329081000024473,32.214157000101977],[-97.3289289996885,32.214191000035562],[-97.318377000289018,32.216462000370072],[-97.316162999863366,32.216937999897773],[-97.313961999856517,32.217411999646401],[-97.310409000312745,32.218175999837733],[-97.302603999644759,32.219856000350852],[-97.302509999933434,32.219876000043307],[-97.297746000419792,32.220901999795743],[-97.297696000191067,32.220912999652548],[-97.295839000140788,32.221313000174838],[-97.293342999682821,32.221850000327628],[-97.293196000268054,32.221882000195535],[-97.293048999954948,32.22191400005223],[-97.287781999577746,32.223048000001754],[-97.281005000378187,32.224506999754439],[-97.280818999707023,32.224547000128375],[-97.279189000335791,32.22489700036904],[-97.274398000159636,32.225930000177392],[-97.27436499964935,32.225936999906502],[-97.270524000225521,32.226763999936438],[-97.270479000019677,32.226773999783234],[-97.264758000081002,32.228032999748201],[-97.264623000361794,32.22806200033984],[-97.250289000191401,32.23112199975921],[-97.243223000388539,32.232652000344615],[-97.243200999748908,32.232657000324167],[-97.243023000371991,32.232695000159737],[-97.232327999959068,32.235002999892629],[-97.228309000259983,32.235870000196023],[-97.228194999558866,32.235894999965488],[-97.224820000290336,32.236621000118014],[-97.220158999810508,32.237627999649071],[-97.220026999566045,32.237657000217943],[-97.220013000220646,32.237649999871913],[-97.219887999648876,32.237686999958328],[-97.215437999954574,32.238647000095987],[-97.214266000342732,32.238901000186125],[-97.196458000271292,32.242744999784506],[-97.19583200028238,32.242880000094623],[-97.182550000073235,32.245749000051056],[-97.182462000209682,32.245768000272037],[-97.182242000101652,32.245815000121659],[-97.181851000289399,32.2458989997277],[-97.181527000424296,32.245969999695895],[-97.178425999893847,32.246638999774085],[-97.176243000328654,32.24711000010295],[-97.176157000114927,32.247129000039145],[-97.173890999810737,32.24761800010851],[-97.173859000023683,32.247624999686437],[-97.163098000386825,32.249951000284518],[-97.162268000183445,32.250146999941492],[-97.161887000416925,32.250253000308426],[-97.161098000221415,32.250376000206394],[-97.16077199980819,32.25042699991144],[-97.157999000239101,32.250859999768537],[-97.154896999883746,32.251343999789867],[-97.152320000133244,32.25174499985625],[-97.151433999853339,32.251882999816232],[-97.1474329996976,32.252256999644281],[-97.134147000188804,32.254571000014124],[-97.134084000439614,32.254582000353366],[-97.13401099974638,32.254595000200077],[-97.133927000080789,32.254608999799167],[-97.133795999661217,32.254632000221108],[-97.133407000397114,32.254698999666509],[-97.132419000009961,32.254924999834813],[-97.132183999833316,32.254978000283607],[-97.131948999656672,32.255031999691397],[-97.131876999686668,32.255048000241267],[-97.131593000004528,32.255112999882336],[-97.120878000398434,32.257559999943766],[-97.117305999689805,32.258376000151607],[-97.117189000412225,32.258402999988434],[-97.115041999933737,32.258892999823992],[-97.113748000123152,32.259188999990471],[-97.105385999961584,32.261098999839611],[-97.103591999660495,32.261502000236064],[-97.096095999687321,32.263183999642258],[-97.092626999809156,32.263978000271244],[-97.092491000265028,32.264009000083142],[-97.091224000218645,32.264275000214816],[-97.089424000069769,32.264710999801032],[-97.087049999810532,32.265254999929688],[-97.087034999741945,32.265438999793744],[-97.087037000290067,32.265788000096293],[-97.087043000137854,32.266824000173571],[-97.086960000297154,32.266702999773713],[-97.08690400022067,32.266620999668419],[-97.086819999656768,32.266499000134218],[-97.086168999553522,32.265546999804386],[-97.086116999674971,32.265471000260419],[-97.083503999939467,32.261493999770614],[-97.083478000000213,32.261455999828868],[-97.083400000182394,32.261341999908318],[-97.083380999915818,32.261313999745958],[-97.083322000364589,32.261225999722178],[-97.081870000370259,32.259104000059423],[-97.081815999943601,32.259042000113133],[-97.081738999950716,32.258913000040195],[-97.081083999649493,32.257952000169595],[-97.081051999862439,32.257906999960262],[-97.076582000076669,32.251591999837117],[-97.076385000433177,32.251314999792143],[-97.076366999991507,32.251288999917371],[-97.076170000348,32.251010999913952],[-97.075836000437164,32.25053900026542],[-97.075828000041241,32.250526999637174],[-97.075822000193469,32.250517999924639],[-97.075559000427717,32.250146999941492],[-97.074075999572955,32.247952999925779],[-97.070744999787038,32.243024999782136],[-97.070733999916385,32.243009000152838],[-97.069980999705891,32.241895000230237],[-97.066572999927075,32.236854000092762],[-97.066438000207881,32.236654000056198],[-97.066424999789078,32.236635000208381],[-97.066409999720463,32.236612999739748],[-97.066403999872691,32.236604000168199],[-97.066387999979156,32.236578999833966],[-97.066307999613201,32.236461000017577],[-97.063352999570952,32.232090000130043],[-97.063227000072558,32.231903000300726],[-97.06318500023977,32.231841000020438],[-97.063143000406967,32.231778999697802],[-97.063109999896696,32.231730000172831],[-97.063100999675868,32.231716000086585],[-97.063095999652987,32.231708000036328],[-97.063083999957428,32.231689999920697],[-97.063025000406185,32.231603000071338],[-97.062863999849398,32.231364000248696],[-97.062469999664103,32.230781000082629],[-97.059107000091146,32.225807999926396],[-97.059046999816672,32.225718000309044],[-97.058662999677125,32.225150000059884],[-97.058610999798589,32.225073000063318],[-97.058580999661345,32.225029000361701],[-97.05852399975997,32.224944999697648],[-97.058511000239477,32.224925000360471],[-97.058495000345957,32.224900999934071],[-97.058342000185064,32.224674000210769],[-97.057693999556562,32.223795999975103],[-97.05637899982959,32.222011999780605],[-97.054248000142934,32.218704999845563],[-97.053222000120954,32.217236000319957],[-97.052571000017707,32.21630400009095],[-97.050794000333369,32.213673000339199],[-97.050383000429633,32.21306499998915],[-97.048755999634807,32.21064100012709],[-97.047276999876303,32.208442999769275],[-97.047255000134996,32.208410000229549],[-97.044372999887642,32.204141000349509],[-97.044361000192083,32.204123000096232],[-97.041473999921877,32.199843000343279],[-97.036823000386121,32.192948999786445],[-97.036031999642489,32.191774999739174],[-97.035335000406789,32.19074199966267],[-97.035295000223812,32.190683000055721],[-97.031961000064854,32.185741000264315],[-97.028943000273401,32.181266999731989],[-97.028155999727716,32.180098999960187],[-97.02751999969307,32.179155999841868],[-97.027232999637889,32.178730999945309],[-97.026948999955763,32.178309999678973],[-97.026460000234223,32.177584999886633],[-97.021701999670029,32.17053000037437],[-97.01390600012121,32.158973999864124],[-97.013900000273409,32.158965000215261],[-97.011926999872202,32.156039000264073],[-97.010773999628597,32.154330999957111],[-97.006990000106171,32.148700999901266],[-97.004201999570157,32.144553000228157],[-97.001479000229807,32.14050100001095],[-97.000638000155746,32.139251000029873],[-97.000279000130561,32.138715999874222],[-96.998988999619613,32.136866000113542],[-96.998638999815242,32.13636400022191],[-96.998057000207297,32.13552999963391],[-96.992871999845832,32.128099000306641],[-96.992743999799316,32.12791500019523],[-96.99267799967707,32.127817000340045],[-96.992563000049344,32.127650999817241],[-96.990819999801886,32.125149000187328],[-96.990476999670207,32.124675999781559],[-96.990464999974648,32.124659999880976],[-96.990360000392656,32.124515999888686],[-96.990288000422652,32.124416999762232],[-96.990268000331142,32.124389999709074],[-96.990254000087461,32.124370000340818],[-96.990233000171045,32.124341999848482],[-96.990147999782224,32.124225000225131],[-96.990042000375354,32.12407900021163],[-96.990029999781456,32.124061999778],[-96.988983999667994,32.122621000290174],[-96.988966000124663,32.122593999705671],[-96.986505999651698,32.119005000103819],[-96.985715999631282,32.117852000286447],[-96.985679999646266,32.117800000324905],[-96.985570000041406,32.117639999789276],[-96.985532000406579,32.117583999991986],[-96.98432100043668,32.115816999790169],[-96.983189000109505,32.114164000026364],[-96.982317000073323,32.112891000105002],[-96.981983999987378,32.112404999701937],[-96.981951000375417,32.112356999625085],[-96.981938999781534,32.112339000255552],[-96.981835999849366,32.112187999740151],[-96.981773999925096,32.112097999646728],[-96.979016000424622,32.108070999681225],[-96.978180000373456,32.106851000022601],[-96.978171999977533,32.10684000008311],[-96.976494000027401,32.104390999803677],[-96.976485999631478,32.104380000328824],[-96.976037999917821,32.103725999839092],[-96.97065900028592,32.095874000132525],[-96.965754000306944,32.088718000088697],[-96.96566300007035,32.088456999928788],[-96.962626000012321,32.083931000021153],[-96.962434000391696,32.083701000244247],[-96.962319999690564,32.083586999868963],[-96.96216599970478,32.083433000191079],[-96.962144999788379,32.083394000364926],[-96.9619420002971,32.083081000279201],[-96.961779999915393,32.082843999814855],[-96.961527000195417,32.082476000236284],[-96.961291000193867,32.082133000062363],[-96.956019999618675,32.074458999961365],[-96.953110999607162,32.070223000002485],[-96.941846000180149,32.053820999770842],[-96.940656000126666,32.05208700030397],[-96.937341000234269,32.053721000243094],[-96.931019000421088,32.056834000175506],[-96.930340999655343,32.057166999898804],[-96.93031800008913,32.057177999727202],[-96.919399000268527,32.062557000232232],[-96.91729699999587,32.063591999950745],[-96.914745000359716,32.064848999700978],[-96.905275000160415,32.06951299979054],[-96.902809999664598,32.070727999719935],[-96.902038000085824,32.07110800008018],[-96.901977999811365,32.071136999634192],[-96.901787999840579,32.071230999962694],[-96.901315000012559,32.071463999874432],[-96.897163000244078,32.073508999706441],[-96.897122000236209,32.07352900031831],[-96.896209000192144,32.07397699993745],[-96.896051000008384,32.074057999880608],[-96.883230999756577,32.080374000116336],[-96.882763999776358,32.080603999892752],[-96.882376000337146,32.080794999677622],[-96.881358999637698,32.081295999827041],[-96.881217000245783,32.081366000173169],[-96.881204999651899,32.081372000222096],[-96.879817999954909,32.082053999917619],[-96.879556999839011,32.082183000292133],[-96.879537999572435,32.082190999778341],[-96.879170000224718,32.082353000259822],[-96.875275000374188,32.084291999870402],[-96.874044000312807,32.084916999712497],[-96.870765000405427,32.08656400020044],[-96.861357999955317,32.091293000103725],[-96.861007000326026,32.091465999941896],[-96.860637000430174,32.091647999655549],[-96.84307000038315,32.100326999741114],[-96.826274999914887,32.108629999842819],[-96.816461999583893,32.113469999908531],[-96.808479000437316,32.117406999686892],[-96.808408000292218,32.117441999727149],[-96.80834899984265,32.117472000294434],[-96.808219000146323,32.117536000355841],[-96.808079000404248,32.117606000324024],[-96.807712999808032,32.117786000213158],[-96.807347000110141,32.117965999747319],[-96.796092999655485,32.123518000206396],[-96.795868000422885,32.123627999986994],[-96.792744000326209,32.125151999915069],[-96.77651799994544,32.133241999675434],[-96.776281000118956,32.133360000233672],[-96.77598300019315,32.133507000174156],[-96.771567999760634,32.135703000096321],[-96.764692999753478,32.139119000365596],[-96.75943499959709,32.14173400017004],[-96.758918000286442,32.141992999706488],[-96.755242999645645,32.143818999914494],[-96.749865999663569,32.146495000060206],[-96.742373999888343,32.150109000261537],[-96.736846000293539,32.152800000015688],[-96.728613000003392,32.15680200002879],[-96.728503000398547,32.156854999881851],[-96.728361000108308,32.156937000153349],[-96.72834100001684,32.156948000137795],[-96.728279999917461,32.156955999918232],[-96.723872999880854,32.159079000010728],[-96.723414000296543,32.159294000150815],[-96.721192000373293,32.160331999725109],[-96.720536000247179,32.16064000024145],[-96.719701000020905,32.161018999855521],[-96.718208000018691,32.161739999888063],[-96.714929000111312,32.163327000104104],[-96.702902000253005,32.169146999807126],[-96.700960999638824,32.170082999927658],[-96.699054000258144,32.171002000268224],[-96.690826999815783,32.174945000082943],[-96.681662000113306,32.179366999694103],[-96.677416999560094,32.181417000127247],[-96.674378999677131,32.182883999937431],[-96.671149999998477,32.184437999880309],[-96.671013999556052,32.184488000325437],[-96.670985999966973,32.184498000259147],[-96.670822999760333,32.184576000160376],[-96.670764000209104,32.184603999640721],[-96.666049000200942,32.186899999950946],[-96.665891000017183,32.186970999627938],[-96.665306000036182,32.187232999809019],[-96.665173999791705,32.187292000131698],[-96.665152999875303,32.187301999757338],[-96.664587000160864,32.187579000279662],[-96.660760999907311,32.189452999914643],[-96.65691600028552,32.19130999968165],[-96.65307199959031,32.193165000230749],[-96.647842999746231,32.195686000117412],[-96.640547999614512,32.199205000014651],[-96.635743000092958,32.201526000005217],[-96.630631000424756,32.203994000330638],[-96.625266000138254,32.206582999914843],[-96.621991000428849,32.208324999908911],[-96.621613999961994,32.208526999718288],[-96.614686000251382,32.212044999782236],[-96.613464000410815,32.212665999877842],[-96.613377000372196,32.212710000242673],[-96.612839000246851,32.212948000257889],[-96.612758000056004,32.212984999760444],[-96.612113999625421,32.213344000026915],[-96.611896999890462,32.213465000076845],[-96.609089000161276,32.214874999844291],[-96.60683499955266,32.216069000274338],[-96.606708000229347,32.216137000219049],[-96.604764999965354,32.217109999893417],[-96.600043000284487,32.21947800032008],[-96.59690099974614,32.221053999703116],[-96.596124999969433,32.22144100033502],[-96.59315200038381,32.222930000094053],[-96.582863999676675,32.228088000023895],[-96.580804999960023,32.229120000006475],[-96.580438000437226,32.229303000112147],[-96.58012000041991,32.229462999898509],[-96.578059999980027,32.230497000264506],[-96.56935700023493,32.234875999806455],[-96.55904699978646,32.240131000286375],[-96.558634000232914,32.24033900031759],[-96.556957999932607,32.241193000363246],[-96.5552969997009,32.242040999863093],[-96.551037999802318,32.244221000181433],[-96.550124999758253,32.244686000193198],[-96.547809000123664,32.245870000270472],[-96.539564999962849,32.250080999980185],[-96.539436000091428,32.250146999941492],[-96.539234000425054,32.250243999809044],[-96.538242999664874,32.250723000330062],[-96.534230999638467,32.252740999816318],[-96.532642000275132,32.25354000021585],[-96.530213999589222,32.254695999647048],[-96.528308000033448,32.255641999858746],[-96.527468999609226,32.256039999960336],[-96.52264099962315,32.258421000128386],[-96.521526999737617,32.259005000370067],[-96.520382999714897,32.259593999909406],[-96.51969200032697,32.259949000349813],[-96.515346000389741,32.262121000310195],[-96.514846999724156,32.262370000213416],[-96.513609999814975,32.262988000023398],[-96.512505000150298,32.26354099978667],[-96.512156999995739,32.26376099977211],[-96.511706999733946,32.264039000234106],[-96.5116409996117,32.264078999913529],[-96.511443000143302,32.264182000260249],[-96.510503000335063,32.2646910001028],[-96.510280999678912,32.26479199971125],[-96.508599000429115,32.265666999834338],[-96.508574000314752,32.265681000004705],[-96.508452999940928,32.265742999973781],[-96.508333000290335,32.265806999921885],[-96.508245000426783,32.265852000012686],[-96.508156999664919,32.265897999711108],[-96.507919999838464,32.26602200006991],[-96.507396999781719,32.266295000036138],[-96.50707299991663,32.26649599974516],[-96.506697999997897,32.266670000120072],[-96.50577800028114,32.267134999864645],[-96.492474000330674,32.27385099991124],[-96.491586000400972,32.274278000183948],[-96.490570000424725,32.274756999965824],[-96.487359000289416,32.276282000026775],[-96.484263999606753,32.277756000003507],[-96.48231000037039,32.278689999919109],[-96.472909999592972,32.283160000169985],[-96.466415000425741,32.286397000062813],[-96.465970000186815,32.286618999629241],[-96.465525999772808,32.286838999853906],[-96.464960999883274,32.287121000093066],[-96.464776999760261,32.287219000089358],[-96.458663000359522,32.290446999827168],[-96.451037999616602,32.294418000360537],[-96.442375999879374,32.298930000148573],[-96.439676999930143,32.300317000210036],[-96.43285999964931,32.303817999934921],[-96.429304999557417,32.305745000029994],[-96.428214000136421,32.306335999691477],[-96.423391000173211,32.308842000337378],[-96.422913000322325,32.30909100029735],[-96.417705000394662,32.311797000306576],[-96.413755000292539,32.313849000127647],[-96.412495999743754,32.314503999816758],[-96.410962999558578,32.315300000292588],[-96.409999000359193,32.315800999985662],[-96.409147000414507,32.316243999713642],[-96.408852999788309,32.316397000019442],[-96.40751899979476,32.317089999686445],[-96.406729999599236,32.317498999985872],[-96.406526000283066,32.317604999853081],[-96.405774999722397,32.318001000236187],[-96.395079000382879,32.323643999746565],[-96.387226000034332,32.326840999798279],[-96.385871999949302,32.327365000364772],[-96.385368999984053,32.327617999856869],[-96.3839089995938,32.328405000114365],[-96.382910000234332,32.328928999978579],[-96.383132999817079,32.329284999680041],[-96.383542000071003,32.329870000225924],[-96.383782000270514,32.330398999867775],[-96.384152000166367,32.33093700029756],[-96.384159999663979,32.330954999703572],[-96.384243000402961,32.331069999830447],[-96.384695000314579,32.331565000061843],[-96.385200999754559,32.331959000039475],[-96.38567199993274,32.332175999762974],[-96.385996999622748,32.332239999879391],[-96.386298999746558,32.332210999939008],[-96.38674399998547,32.332306000023252],[-96.387293999806388,32.332434000027028],[-96.387440000294575,32.332471000172305],[-96.387869999566576,32.332609000273017],[-96.388210000223509,32.332717999626347],[-96.38892300025104,32.333079999774846],[-96.389888999998533,32.333567999864478],[-96.390319000168859,32.333705999810768],[-96.390805000415668,32.333859999854468],[-96.391229999664787,32.333762000202015],[-96.392076999586621,32.333535999901834],[-96.392818999926476,32.333262000090997],[-96.393427000372,32.332995000031495],[-96.39423400011087,32.332684000057967],[-96.394874000343449,32.332337000005204],[-96.395325000430162,32.331997999699333],[-96.395548000012923,32.331748999713831],[-96.395948000046005,32.331303000167665],[-96.39656300016425,32.33082999966399],[-96.397738999974052,32.330384000144321],[-96.397759000065534,32.330375999683582],[-96.400013999600745,32.32903799996766],[-96.40041100015911,32.328802999723202],[-96.401011000208726,32.328649999882238],[-96.401232999966581,32.328597999674031],[-96.401413999716553,32.328589000116658],[-96.402108000375804,32.328704999909426],[-96.402688000333953,32.328757000056228],[-96.402737999664339,32.328761000358192],[-96.402931000008195,32.328761000358192],[-96.403367999851199,32.328667999743026],[-96.403633000165073,32.328509999662302],[-96.404497999630252,32.328023000095321],[-96.404927999800549,32.327786000080046],[-96.405644000201136,32.32768700021667],[-96.406379999794879,32.327765000164106],[-96.406806999592149,32.327866999818745],[-96.406948000057469,32.327879999788799],[-96.4070140001797,32.327915000107645],[-96.407542000259284,32.328196000355298],[-96.40807000033891,32.328476000031678],[-96.408118000019471,32.328501999795037],[-96.408227999624316,32.328637999720065],[-96.408507000181913,32.328980999996659],[-96.408785999841172,32.329325000181612],[-96.409098000010701,32.32970999983587],[-96.409414000378192,32.330092000327184],[-96.410885999565693,32.331911000376699],[-96.411647999997001,32.332544999658431],[-96.41213599989365,32.33273499978521],[-96.412474999827353,32.332799999916801],[-96.412997999884098,32.332827000366457],[-96.413597999933714,32.332806999752989],[-96.414938999599954,32.332904999680387],[-96.415676999741834,32.333049999695952],[-96.41571199990193,32.333098000272834],[-96.416009000002859,32.333505999974079],[-96.416123999630585,32.334008999928322],[-96.416156000315951,32.334148000356819],[-96.416188999927911,32.334288000206755],[-96.41620399999654,32.334355999643662],[-96.416219000065141,32.334423000155141],[-96.416238000331717,32.334502000003461],[-96.416194999775698,32.334629000306805],[-96.416441999647901,32.33501699981305],[-96.416792000350597,32.335362999836043],[-96.417532999967207,32.335535999731036],[-96.41804699980311,32.335497000077531],[-96.418558000164268,32.335410000322831],[-96.418717999997838,32.335382999884708],[-96.419067999802209,32.335400999924715],[-96.419376999598697,32.335424000350109],[-96.419759000088433,32.335298999650732],[-96.420379000229531,32.334847999718107],[-96.420389000275279,32.334839999651855],[-96.420391999750009,32.334712000014356],[-96.420395999947971,32.334524999898278],[-96.420231000091533,32.334280999726019],[-96.420175999839941,32.334188999863628],[-96.420004000310811,32.333935999759767],[-96.41991899992199,32.333811999681672],[-96.419809000317144,32.33364699969998],[-96.419693999791107,32.333272999994151],[-96.419791999700394,32.332930999689829],[-96.420012999633315,32.332609999926476],[-96.420192999558395,32.332565999983686],[-96.420546999560713,32.332475000310204],[-96.420918000179782,32.332396000210814],[-96.42113400008985,32.332374000190079],[-96.421640000428141,32.332321999843813],[-96.421965000118149,32.332436000096777],[-96.422184000401273,32.332526999809524],[-96.422487000349975,32.332664000172002],[-96.422669999749772,32.332754999655471],[-96.42274199971979,32.332780000056424],[-96.423258999928734,32.333238999875256],[-96.423283000218177,32.333452999875007],[-96.423376000104611,32.334052999928709],[-96.423444999701573,32.3345260002896],[-96.423641000418456,32.335026999876177],[-96.423764000442119,32.335318999713493],[-96.424434999738537,32.335872000078396],[-96.42521600043645,32.33617200017482],[-96.425889000281003,32.336194999645258],[-96.426273000420565,32.336010999922841],[-96.426311000055392,32.335503000083705],[-96.426186000381904,32.334935000012969],[-96.42622599966657,32.334423000155141],[-96.426653000362151,32.334178999707916],[-96.427346000298186,32.333975999724252],[-96.427772000270537,32.333741999795159],[-96.427932000104121,32.333399000100101],[-96.428471999879292,32.33279399973145],[-96.428686999964427,32.332543000350064],[-96.428927000163952,32.332368999632607],[-96.429131000378447,32.332237000147742],[-96.429594999985625,32.332164000068182],[-96.430225999997404,32.332210999939008],[-96.430643999573832,32.332396999866617],[-96.430841000115649,32.332686000122273],[-96.430929999804093,32.332862999941383],[-96.430991999728377,32.333143000363584],[-96.43104500033013,32.333382999710857],[-96.43101699984274,32.333747999917669],[-96.430969000162165,32.334174000009199],[-96.430978000382979,32.334402000260731],[-96.43098300040586,32.334810999785439],[-96.431071000269412,32.335114999624764],[-96.431166999630548,32.335499999701156],[-96.431228999554847,32.335872000078396],[-96.431323999989388,32.336466999704726],[-96.431383000438927,32.337031000091756],[-96.431399000332476,32.33722899976555],[-96.431171999653429,32.337489000005618],[-96.430924999781226,32.337670000207588],[-96.430614000334913,32.337896999647256],[-96.430278999700832,32.338439999755145],[-96.430257999784445,32.338841000294309],[-96.430267999830193,32.338894000274294],[-96.43052499974813,32.339364999706341],[-96.431102000231547,32.339384000051005],[-96.432098000116284,32.339313999920051],[-96.432871000418274,32.339259000267099],[-96.433270999553031,32.339728999742611],[-96.433444999630311,32.340078000197806],[-96.433757999624746,32.340233999922454],[-96.433856000432371,32.340502999769626],[-96.433832999967834,32.340739000319985],[-96.435289999985017,32.340812000314138],[-96.436379999581106,32.341053000136625],[-96.436919000429683,32.34135999968948],[-96.437107999677252,32.3423989999988],[-96.43700599956999,32.342885000092636],[-96.436620999605537,32.343821999812626],[-96.43624800023494,32.344323999828283],[-96.436228999968378,32.345149000336718],[-96.43629300044077,32.345413000155261],[-96.437330000333418,32.345886000338503],[-96.438850999924711,32.345743000173258],[-96.439307000034304,32.345478000288495],[-96.439532999990092,32.345165000163647],[-96.439596999564188,32.345116999915412],[-96.439680000303198,32.344864000004293],[-96.440358999995524,32.344003999777328],[-96.440480000369348,32.343981000014644],[-96.440752000355914,32.343776999719076],[-96.441107000183166,32.343895999884133],[-96.441456999987523,32.344014000365249],[-96.441631000064802,32.344154000131866],[-96.441769999981972,32.344349000069229],[-96.44141599997964,32.345352999815674],[-96.441031000015172,32.34561300024086],[-96.441009000273851,32.345652000088428],[-96.440945999626351,32.345960000239749],[-96.44130600037478,32.346300000115683],[-96.442020000227217,32.346324999810612],[-96.442724999858825,32.346318999763035],[-96.443784000391091,32.346335999643827],[-96.444933000436691,32.346164000166844],[-96.445480999709474,32.346066999682215],[-96.44552799956513,32.346063000145136],[-96.445894999986251,32.345994999638648],[-96.446288000346655,32.345923999803063],[-96.447127999697472,32.345752999810081],[-96.447681999716337,32.345536000006035],[-96.448315000276239,32.345193999747949],[-96.448559999600306,32.344917999768711],[-96.449103999573438,32.344497000048619],[-96.449508999629387,32.344325000111304],[-96.450039000257121,32.344232999834134],[-96.450514999559871,32.344275999892822],[-96.450996999608734,32.344409000315679],[-96.451452999718285,32.344679000173429],[-96.451820000139435,32.345002000181488],[-96.452042999722181,32.345374999717137],[-96.452229000393345,32.345894999693876],[-96.452103999821546,32.346417999738222],[-96.451845000253783,32.346948000055221],[-96.452020000155969,32.347638999884964],[-96.452597999565967,32.347925000066944],[-96.452848999636132,32.34801499990003],[-96.453435000340363,32.348224999668318],[-96.453882000229115,32.348844000315822],[-96.453965000069786,32.34946900036131],[-96.454076000397862,32.350679999699999],[-96.454572999617014,32.351566000178636],[-96.454567999594147,32.35175800023287],[-96.454555000073668,32.352319999780491],[-96.454098000139183,32.35263700019815],[-96.453082000162951,32.352849000238123],[-96.452178000339714,32.35249999971829],[-96.451924999721399,32.352171000260839],[-96.451569999894161,32.351710999889718],[-96.451211999693882,32.35142500029427],[-96.451167000386349,32.351404999996866],[-96.450991999585852,32.351204999814975],[-96.450527000153755,32.350937000122563],[-96.449965999563872,32.350825000072469],[-96.449844000263454,32.350801000314767],[-96.449311999985895,32.350956999764563],[-96.449269000328187,32.35135700002386],[-96.449290000244574,32.351929999698235],[-96.449264000305334,32.353008999939327],[-96.448562000148428,32.353967000197244],[-96.448436999576657,32.354494999957787],[-96.448684000347185,32.355026000165338],[-96.44947099999456,32.355076000037144],[-96.450469000427432,32.354783000045664],[-96.451764999887843,32.35552400035656],[-96.452612999634567,32.35626399975714],[-96.45366399977091,32.357182000131111],[-96.453734999916023,32.357550000360931],[-96.453615000265415,32.358019999668613],[-96.452910999560402,32.358442000320657],[-96.452371999610151,32.358659000275892],[-96.451759999864962,32.358605999733435],[-96.450801999615052,32.358550000300554],[-96.450318999741299,32.358584000014559],[-96.450282999756283,32.358604000242067],[-96.4341049999544,32.358580999638555],[-96.408945999674728,32.358485999822143],[-96.396075000267615,32.358556000295614],[-96.39599800027473,32.358556000295614],[-96.383299000396747,32.358846999959432],[-96.382056999566387,32.358863999762207],[-96.381491999676882,32.358857999787574],[-96.376949999921052,32.358781000203834],[-96.375316000351859,32.35882099980855],[-96.355821000109444,32.358813999708254],[-96.353292000039517,32.35878200032699],[-96.342654000426336,32.35873900033431],[-96.342554999793805,32.35873900033431],[-96.34069699991862,32.358756000157399],[-96.336976999970275,32.358788999670892],[-96.33497699980488,32.358807000366284],[-96.331955999640371,32.358833999884958],[-96.33087500026511,32.358844000350985],[-96.330462999638158,32.358848000081849],[-96.33040300026201,32.358848000081849],[-96.330380999622378,32.358848000081849],[-96.330323999720974,32.358849000204202],[-96.329074000291328,32.358848000081849],[-96.318217000395023,32.358866000006607],[-96.317321999894318,32.358869999736505],[-96.316360000344744,32.358870999858617],[-96.315565000301461,32.358879000076541],[-96.315465999668945,32.358879000076541],[-96.311307000227771,32.358887000293777],[-96.30590000010848,32.358900000360649],[-96.303750999980153,32.358925000367314],[-96.301452999888909,32.358905000210761],[-96.300945999725698,32.358900999723652],[-96.2923140001257,32.358829000030902],[-96.275002000346788,32.358683000224957],[-96.272198999742173,32.358659999641503],[-96.272182999848653,32.358659999641503],[-96.271109000146097,32.358659000275892],[-96.271049999696558,32.358657000026909],[-96.271022000107465,32.358658000151379],[-96.270982999749407,32.358657000026909],[-96.270540999883522,32.358646000174332],[-96.270161999766827,32.358637999935773],[-96.269027999789841,32.358613999974757],[-96.268650000396377,32.358605000367163],[-96.268461000250483,32.358605999733435],[-96.267897000185883,32.358611999724786],[-96.267708999864894,32.358615000099761],[-96.267461000167799,32.358604000242067],[-96.266717000178105,32.35857499964515],[-96.266468999582685,32.358566000033626],[-96.266457999712031,32.35856499990814],[-96.266415000054323,32.358563999782596],[-96.266399000160803,32.358554000044357],[-96.266365999650517,32.358561000164762],[-96.266353999954944,32.358561000164762],[-96.266194000121374,32.358554000044357],[-96.26109599979857,32.358690000335379],[-96.258640000421906,32.358696999686423],[-96.258628999652927,32.358696999686423],[-96.257493000026088,32.358701000182563],[-96.256292000101936,32.358703999795758],[-96.255573000226633,32.358704999919752],[-96.255406999646965,32.358707000167662],[-96.255128999812612,32.358703999795758],[-96.254296999959394,32.358696999686423],[-96.254061999782763,32.358696000321153],[-96.254019999949975,32.358697999810488],[-96.253952000177904,32.358700000058569],[-96.25374799996338,32.358708000291585],[-96.253681000016243,32.358710999904531],[-96.253133999670069,32.358710999904531],[-96.251493000428169,32.358718000012779],[-96.250946999906901,32.358720000260476],[-96.250809999639571,32.358720000260476],[-96.250402000108863,32.358720999625397],[-96.250265999666439,32.358721999749214],[-96.250152999688538,32.358720000260476],[-96.249813999754807,32.358716999888976],[-96.249700999776906,32.358715999765103],[-96.249709999997734,32.357860999859788],[-96.249739000310058,32.354993000037503],[-96.249622999959115,32.354991999872503],[-96.249330999881067,32.35496799970268],[-96.248457000195046,32.354903000317513],[-96.248165999941918,32.35488300003032],[-96.246910999591066,32.354880000290393],[-96.243146000335216,32.354874000051431],[-96.241891999809283,32.354871999718739],[-96.241692999617669,32.354868999978436],[-96.241097999590906,32.354859999998098],[-96.240900000122508,32.354857999665093],[-96.240599999648538,32.354854999924335],[-96.239700000023262,32.354849999850288],[-96.239400000447603,32.354848999683711],[-96.239373999610024,32.354847000109274],[-96.239299000165261,32.354847000109274],[-96.239274000050912,32.354848000275936],[-96.239200000431069,32.354859999998098],[-96.238981999972864,32.354898999653365],[-96.238909000177927,32.354912000293531],[-96.237428999696192,32.354871000311206],[-96.232988000222733,32.354748999661474],[-96.231508999565904,32.354708999773386],[-96.228911999723934,32.354756000076399],[-96.221122000022888,32.354894999747849],[-96.218688000387516,32.354939999623014],[-96.218526000005809,32.3549440002854],[-96.217823000024012,32.354961000063021],[-96.215715999728488,32.355012000135552],[-96.21501399957161,32.355030000065014],[-96.214678000010949,32.355022999671291],[-96.214378000435289,32.355017000200633],[-96.213671000255545,32.355000999839653],[-96.213335999621478,32.354994000202552],[-96.213297999986651,32.354993000037503],[-96.21318400018383,32.354990000301221],[-96.213147000373908,32.354990000301221],[-96.213025000175165,32.355003000169482],[-96.212658999578963,32.35504599966206],[-96.212630999989869,32.355049000155354],[-96.21253800010345,32.355059999686546],[-96.212123999826673,32.355059999686546],[-96.211768000174516,32.355060999850856],[-96.21088199989461,32.355064999748976],[-96.209855000047739,32.355069999811136],[-96.209459000212632,32.355072000139451],[-96.208690000108589,32.355077000201213],[-96.207776000239619,32.355078000365346],[-96.20744999982638,32.355078999770569],[-96.205037000107396,32.354989000136186],[-96.204124999888251,32.354954999829367],[-96.203986999796001,32.354967000296206],[-96.203970999902452,32.354966000130915],[-96.203205000171479,32.354948000188706],[-96.203048999637574,32.354939000216291],[-96.201904999614811,32.354899999819395],[-96.200563999948571,32.35484499977597],[-96.20040499993992,32.354838000126797],[-96.200034000219148,32.354822999901032],[-96.199937999959687,32.354812000340949],[-96.19990000032486,32.354795999943697],[-96.19804099972643,32.354788000123413],[-96.197835999687001,32.354780999710975],[-96.197018999902426,32.354789000290729],[-96.196982000092504,32.354803999763277],[-96.196927999665817,32.354810000006879],[-96.196658000227401,32.354767999810775],[-96.196378999669818,32.354762999731932],[-96.196259999844145,32.354762000323191],[-96.196247000323666,32.354762999731932],[-96.196231000430132,32.354762000323191],[-96.196171000155672,32.354750999996888],[-96.195747999658067,32.355320000289829],[-96.195621000334768,32.356000999888501],[-96.195616000311901,32.358197000014648],[-96.18458199996526,32.358117000235573],[-96.169041999847835,32.3580060001023],[-96.16877400005923,32.358003999838893],[-96.167667999671309,32.357996000302364],[-96.164081999617267,32.357969999906793],[-96.155333999666311,32.35790599977674],[-96.155312999749924,32.357904999643964],[-96.155291999833523,32.357904999643964],[-96.153214999675228,32.357880000114129],[-96.152844999779362,32.357876000340504],[-96.152473000233698,32.357870999674653],[-96.150545999863212,32.357848999776969],[-96.150374000334068,32.357847000268855],[-96.150293000143236,32.357846000135417],[-96.150247000112486,32.357848999776969],[-96.150041000248152,32.357865999767341],[-96.149866000345952,32.357864000259617],[-96.149739999949261,32.357863000126379],[-96.149202999648836,32.357858000218634],[-96.147591999645854,32.35784399986845],[-96.147056000068631,32.357840000093184],[-96.146200999750903,32.357835000184181],[-96.144858000434823,32.357826999873929],[-96.136322000195989,32.357740000342893],[-96.128960000117104,32.357680999967855],[-96.125548999965247,32.357690999802628],[-96.120982000095083,32.357589000373807],[-96.120479999954753,32.357587000101162],[-96.120226000409843,32.357584999828468],[-96.119464999803441,32.357583000314527],[-96.119303000320045,32.357583000314527],[-96.119212000083465,32.357583000314527],[-96.118413999667112,32.357579999905369],[-96.116020000214718,32.357573999845485],[-96.115222999623285,32.357572000331338],[-96.115149000003441,32.357572000331338],[-96.114707999962476,32.357570000058324],[-96.113758000108476,32.35756799978526],[-96.113164999731552,32.357566000270936],[-96.112650999895664,32.3575650001344],[-96.112315000334988,32.35756399999778],[-96.111014999778305,32.357560000210178],[-96.110644000057547,32.357559000073508],[-96.109373999638109,32.35755599966356],[-96.105888999866409,32.357545999813858],[-96.105405000167721,32.357544999677046],[-96.105282000144086,32.357544999677046],[-96.103890000424215,32.357543000162259],[-96.101598000180772,32.357535999963055],[-96.101343999737551,32.357535999963055],[-96.097981999989486,32.357490999861923],[-96.097942999631428,32.357489999724557],[-96.095064999582064,32.357539999751715],[-96.092769000038956,32.357550999738848],[-96.092583000266117,32.357557999936894],[-96.088038000137246,32.357549000224154],[-96.087551999890451,32.357549000224154],[-96.085985000268394,32.357550000360931],[-96.085700999687958,32.357549000224154],[-96.085657000205345,32.357550000360931],[-96.085525999785759,32.35755599966356],[-96.085483000128065,32.357557999936894],[-96.085461000386744,32.357556999800202],[-96.085397999739243,32.357560000210178],[-96.085376999822842,32.357562999861216],[-96.085194000423058,32.357551999875547],[-96.085063999828407,32.357550999738848],[-96.084986999835522,32.357550000360931],[-96.084308000143182,32.357549000224154],[-96.084115999624231,32.357549000224154],[-96.082807999569965,32.357550000360931],[-96.082354999833441,32.357550000360931],[-96.081286000153739,32.357549000224154],[-96.078598999900095,32.357539000373677],[-96.076648000138476,32.357531000037255],[-96.075899000125929,32.357505000266762],[-96.075878000209542,32.362425999936427],[-96.075878000209542,32.362542000363241],[-96.075878000209542,32.362637999792753],[-96.075872000361755,32.363956999946957],[-96.075870999638525,32.364161000257369],[-96.075870999638525,32.364266000048033],[-96.0758689999887,32.364755999734946],[-96.07586800016378,32.36494699980566],[-96.075867000338874,32.365085999746391],[-96.075858000118046,32.367238000257601],[-96.075858000118046,32.367274999827252],[-96.075858000118046,32.367323999726196],[-96.075857000293141,32.367343000268249],[-96.075857000293141,32.367357999934669],[-96.075857000293141,32.367378999766878],[-96.075852000270274,32.368602999987615],[-96.075852000270274,32.368615000160609],[-96.075852000270274,32.368684000365974],[-96.075853000095179,32.368781000114623],[-96.075852000270274,32.368873999713401],[-96.075847000247393,32.369264000317457],[-96.075823999782855,32.371805000278904],[-96.07582200013303,32.372026999910048],[-96.075819999584894,32.372247999780456],[-96.07579299982072,32.375132999817374],[-96.075795000368856,32.378832000266385],[-96.075796000193776,32.378934000004598],[-96.075796000193776,32.379035999627661],[-96.075796000193776,32.379487999903851],[-96.075796000193776,32.379853999833635],[-96.075796000193776,32.380220999684006],[-96.075797000018667,32.380756000042958],[-96.075797000018667,32.380899000220595],[-96.075797000018667,32.38109000031703],[-96.075797000018667,32.381111999869304],[-96.075797000018667,32.381127000285055],[-96.075797000018667,32.381220000076283],[-96.075797999843601,32.383566999871078],[-96.075798999668507,32.384099999695636],[-96.075802000041563,32.386200999690303],[-96.075802999866454,32.386564000287137],[-96.075802999866454,32.386854000244419],[-96.075803999691374,32.387420999885627],[-96.07580600023951,32.390158999866237],[-96.075807000064415,32.390745999942617],[-96.075807000064415,32.390812999641554],[-96.075807000064415,32.390880000049336],[-96.075807000064415,32.391063999645553],[-96.075807000064415,32.391256000011815],[-96.075807000064415,32.391390999882724],[-96.075807000064415,32.391403000063718],[-96.075807000064415,32.391432999750819],[-96.075807000064415,32.391580000273208],[-96.075808999714241,32.393729999978767],[-96.075810000437471,32.394265999707244],[-96.075810000437471,32.39428700011301],[-96.075810000437471,32.394591000274474],[-96.075811000262391,32.395258999679086],[-96.075811000262391,32.395397000305053],[-96.075811000262391,32.395585999896753],[-96.075811000262391,32.395604000090067],[-96.075812000087296,32.395622999995268],[-96.075812000087296,32.395659000363594],[-96.075812000087296,32.395721000121455],[-96.075812000087296,32.395806999788526],[-96.075812999912216,32.396729999825304],[-96.075814999562027,32.398512999901726],[-96.075814999562027,32.398784000179191],[-96.075817000110177,32.400441999743137],[-96.075817000110177,32.400589999671396],[-96.075817000110177,32.400635999968614],[-96.075817000110177,32.400829999777216],[-96.075817000110177,32.400924999832512],[-96.075817000110177,32.400997000119176],[-96.075817000110177,32.401017999717894],[-96.075817999935069,32.401041000139692],[-96.075817999935069,32.401085000138721],[-96.075817999935069,32.401295000252524],[-96.075817999935069,32.401424999753118],[-96.075818999759989,32.402116000321811],[-96.075818999759989,32.402350999683208],[-96.075818999759989,32.402388999683865],[-96.075818999759989,32.402407999678168],[-96.07582299995795,32.407147000188644],[-96.07582299995795,32.407158999792557],[-96.075826000330991,32.410227000124969],[-96.075834999653509,32.419634000141542],[-96.075834999653509,32.41982200034662],[-96.07583899985147,32.422306000280045],[-96.07585599956991,32.432769000080761],[-96.075860999592777,32.435556999956688],[-96.075864999790738,32.438222999927142],[-96.075864999790738,32.438333000046761],[-96.075864999790738,32.438433000038962],[-96.075864999790738,32.43844300003208],[-96.075865999615658,32.439180000262425],[-96.075865999615658,32.439235999745591],[-96.075865999615658,32.439291999952118],[-96.07586800016378,32.440590000162494],[-96.075863000140927,32.442272000019862],[-96.075860999592777,32.44308499988017],[-96.075879999859367,32.448605000378457],[-96.075879999859367,32.448813999918279],[-96.075879999859367,32.448915000294747],[-96.075879999859367,32.449018000321935],[-96.075880999684259,32.450728999632545],[-96.075880999684259,32.452168000147488],[-96.075880999684259,32.452305000304804],[-96.075880999684259,32.452440999651841],[-96.075882000407489,32.454434000140111],[-96.075882000407489,32.455271000247635],[-96.075883000232409,32.457329000286954],[-96.075884000057329,32.459608999819075],[-96.075884000057329,32.459643000139998],[-96.075884000057329,32.459790000198353],[-96.075899000125929,32.459797000050791],[-96.075906999623541,32.460029999700758],[-96.075910999821502,32.460150000349095],[-96.075911999646408,32.460175000369283],[-96.075919000217425,32.464600999698192],[-96.075918000392505,32.466123999888104],[-96.075913000369624,32.47354000004124],[-96.075914000194544,32.476629000362472],[-96.075911999646408,32.479699999942625],[-96.075935999935851,32.480613999706613],[-96.075937999585676,32.480703999905998],[-96.075940000133812,32.480794000015393],[-96.076053000111713,32.485260000125493],[-96.076090999746555,32.486285999867675],[-96.076029999647176,32.493026999736827],[-96.076027999997365,32.493158999873856],[-96.076027999997365,32.493187999659874],[-96.076027000172459,32.493293000113326],[-96.076026000347539,32.49335500017915],[-96.076026000347539,32.49341399976224],[-96.075965000248175,32.500089000219418],[-96.075675999644858,32.504381999857742],[-96.075536999727674,32.506886999696903],[-96.075536999727674,32.506900999652352],[-96.07554000010073,32.507567000316058],[-96.075545000123597,32.508625000226743],[-96.075545999948517,32.508844000349285],[-96.075546999773422,32.508887000027038],[-96.075546999773422,32.508900999671006],[-96.075546999773422,32.508938000234764],[-96.075546999773422,32.50896400031467],[-96.075546999773422,32.508975999999372],[-96.075547999598342,32.509116999962551],[-96.075550000146478,32.509557000241827],[-96.075561999842037,32.511967000243153],[-96.075570000237946,32.513588000357394],[-96.075583999583358,32.516632000330731],[-96.075617999918549,32.524360000156697],[-96.075636000360205,32.528265999763427],[-96.075659999751338,32.533361000026353],[-96.075670999621977,32.535850999879045],[-96.075672000345222,32.536163999732651],[-96.075673999995033,32.536595999764089],[-96.075675999644858,32.536825999974468],[-96.075675999644858,32.536837000061965],[-96.075675999644858,32.536855000064556],[-96.075675999644858,32.536877999894244],[-96.075675999644858,32.536900000055169],[-96.075675999644858,32.536915999962268],[-96.075675999644858,32.536929999783986],[-96.075677000368074,32.53704899969506],[-96.075678000192994,32.537335999722721],[-96.075684000040766,32.538566000163378],[-96.075705999782087,32.543434999764756],[-96.075708000330224,32.547394000011131],[-96.075708000330224,32.547542000109907],[-96.075729000246625,32.548584999786385],[-96.075756999835704,32.554785000107614],[-96.075767999706358,32.55717800034661],[-96.075798999668507,32.563602999743907],[-96.075798999668507,32.563622999924583],[-96.075798999668507,32.563643000100797],[-96.075798999668507,32.563670999734384],[-96.075798999668507,32.563697999994609],[-96.075800000391723,32.563737000187984],[-96.075801000216629,32.564014000025018],[-96.07580600023951,32.565154000256541],[-96.075807999889335,32.565672000372579],[-96.07582299995795,32.568910999668589],[-96.075883000232409,32.581911999863578],[-96.075913000369624,32.588900999930203],[-96.075899999950835,32.589793000142009],[-96.075899999950835,32.589810000288942],[-96.075904999973716,32.590957999633162],[-96.075904999973716,32.59098400018641],[-96.075924000240292,32.595258999950666],[-96.075932999562809,32.59752399983703],[-96.075939000308907,32.598690999698825],[-96.075939000308907,32.598718000009875],[-96.075940000133812,32.598754999890339],[-96.075940000133812,32.598768999902497],[-96.075940000133812,32.59882799987566],[-96.075940999958732,32.599020999747225],[-96.075955000202427,32.602372000086383],[-96.075971000095947,32.605870999907808],[-96.075980000316775,32.60775399994408],[-96.075980000316775,32.607860999664894],[-96.075986000164576,32.609197000345738],[-96.075987999814387,32.609580999663436],[-96.07599399966216,32.610702999823047],[-96.075995000385404,32.610889999996402],[-96.075995000385404,32.610906999924026],[-96.07599600021031,32.610936000282678],[-96.07599600021031,32.610979000249266],[-96.07599700003523,32.611135999969655],[-96.075997999860121,32.611437000143383],[-96.076001000233177,32.611927999851986],[-96.076002999883002,32.612384000275505],[-96.076017999951631,32.615541000369056],[-96.076017999951631,32.615611000153294],[-96.075899000125929,32.634444999727975],[-96.075923000415372,32.636229000273609],[-96.075925000065197,32.636286999705348],[-96.075926999715008,32.636344999855915],[-96.075929000263159,32.636468999816955],[-96.07593199973789,32.636687999651677],[-96.075935000110931,32.636908999829188],[-96.076033000020232,32.643505999815048],[-96.076033000020232,32.643531000253702],[-96.076014999578561,32.643965999658228],[-96.076012999928736,32.644018000234915],[-96.076009999555708,32.644100000210102],[-96.076008999730789,32.644113999940053],[-96.076007000080963,32.644182000110099],[-96.075903000323891,32.64675799966534],[-96.075879000034448,32.648934999773331],[-96.075874999836486,32.649334999824951],[-96.075872000361755,32.649590000058545],[-96.075873000186661,32.649616000228363],[-96.075878000209542,32.649744000372415],[-96.075879999859367,32.649794999941449],[-96.075884000057329,32.649894000000728],[-96.075905999798621,32.650353000356183],[-96.075908000346757,32.650399000026248],[-96.075909000171677,32.650412000372675],[-96.075909999996583,32.650424999960848],[-96.075910999821502,32.650448000158512],[-96.075919000217425,32.650616999883837],[-96.075920999867236,32.650657999880927],[-96.075918000392505,32.650681999925872],[-96.075924000240292,32.650857000153245],[-96.075942999608557,32.654304000362288],[-96.075944000331759,32.654462000336515],[-96.075944000331759,32.654490000331549],[-96.075945000156679,32.65451300023981],[-96.075945000156679,32.654533999657687],[-96.075945999981599,32.654690000257077],[-96.075945999981599,32.654778000203599],[-96.075945999981599,32.654791999774531],[-96.075946999806519,32.65495600031187],[-96.07601200010383,32.666177999836755],[-96.07601399975367,32.666532999940607],[-96.076037000218193,32.670501000129114],[-96.076044999715791,32.671844000211195],[-96.076074000028115,32.676968000048369],[-96.076080999700807,32.678168000344428],[-96.076104000165344,32.68149399985046],[-96.07612300043192,32.684609000368582],[-96.076150000196094,32.688881999704243],[-96.076142999625077,32.69230400022694],[-96.076135999952399,32.695443999644162],[-96.076129000279693,32.700259999763631],[-96.076127999556462,32.700549000370884],[-96.07612199970869,32.703119999989795],[-96.076127999556462,32.703459000265639],[-96.076191000203963,32.707172000199506],[-96.076196000226844,32.709235000001584],[-96.076197000051764,32.709363000147327],[-96.076197000051764,32.709373000210022],[-96.076197000051764,32.7093830002716],[-96.076197000051764,32.709409999676446],[-96.076197999876683,32.709484000074958],[-96.076197999876683,32.709557999656155],[-96.076205000447686,32.712452000224189],[-96.07620200007463,32.712462999912248],[-96.07618600018111,32.712598999722275],[-96.076181999983149,32.712718999827061],[-96.076171999937401,32.712802000214552],[-96.076181000158229,32.713115000161352],[-96.076203999724456,32.713776999748937],[-96.076205000447686,32.713959000023578],[-96.076205000447686,32.714016999650994],[-96.076201000249725,32.716976000096494],[-96.076201000249725,32.717031000268435],[-96.076205000447686,32.717833999974779],[-96.076206000272592,32.717943999982339],[-96.076206000272592,32.718052000036437],[-96.076206000272592,32.718137999720092],[-96.076207000097511,32.718224000076553],[-96.076228000013899,32.72279600030236],[-96.076228000013899,32.722872999740801],[-96.076238999884566,32.724377000034551],[-96.076242000257608,32.724859999833321],[-96.076244999732339,32.725216999810129],[-96.076244999732339,32.725252999677643],[-96.076254999778087,32.728189000060034],[-96.076275999694488,32.734361000096108],[-96.076275999694488,32.734380000178213],[-96.076278000242624,32.734738000292289],[-96.076278000242624,32.734750999697319],[-96.076278000242624,32.734771000173417],[-96.076280999717355,32.735356999737341],[-96.076278000242624,32.7353710002781],[-96.076335000144027,32.746556999912571],[-96.076335999968919,32.746751999683454],[-96.076335999968919,32.746765000358202],[-96.076336999793838,32.746780999791135],[-96.076336999793838,32.746807999961085],[-96.076336999793838,32.746837999636632],[-96.076336999793838,32.746871000325783],[-96.076347999664506,32.748974999843874],[-96.076347999664506,32.74901600001234],[-96.076366000106162,32.750110000265856],[-96.076367999755973,32.751056000322372],[-96.076367999755973,32.751133000280113],[-96.076367999755973,32.751176000041134],[-96.076367999755973,32.751254999723685],[-96.076370000304124,32.751910999985064],[-96.076371999953935,32.752505000112251],[-96.076372999778854,32.752691000245754],[-96.076372999778854,32.752705999849638],[-96.076372999778854,32.75272799986854],[-96.076372999778854,32.752754999746919],[-96.076372999778854,32.752782000372619],[-96.076372999778854,32.752804000372741],[-96.076372999778854,32.752818999957668],[-96.076372999778854,32.752836000088507],[-96.076372999778854,32.752928000340496],[-96.076376999976816,32.754203999849835],[-96.076376999976816,32.754246999639193],[-96.076383999649508,32.756526000318672],[-96.076424999657391,32.770049000221562],[-96.076424999657391,32.770096000234233],[-96.076443000099047,32.775480999655286],[-96.076448000121928,32.776940000041989],[-96.076484999931836,32.779627999697951],[-96.076488000304892,32.779814999785522],[-96.076488000304892,32.779866999780467],[-96.076489000129797,32.780951999742172],[-96.076490999779637,32.781155000122098],[-96.076484999931836,32.785199000243232],[-96.076484999931836,32.785209000104217],[-96.07648599975677,32.785296999738534],[-96.076481999558808,32.788910999627227],[-96.076479000084063,32.788998000262389],[-96.076479000084063,32.789007999696302],[-96.076479000084063,32.789020000374791],[-96.076479000084063,32.789034000031563],[-96.076479000084063,32.789112000236692],[-96.076479000084063,32.789141000140575],[-96.076479000084063,32.789159999864175],[-96.076479999908983,32.790112000214059],[-96.076478000259158,32.791808000097902],[-96.076478000259158,32.791827999843036],[-96.076486999581675,32.793187000079932],[-96.076504000198426,32.794773000061923],[-96.076514000244174,32.796080000297422],[-96.076556999901868,32.799598999734087],[-96.076588999688923,32.802244000301457],[-96.076565000297791,32.80385100007873],[-96.076563999574574,32.803941000298224],[-96.076522999566691,32.807038000050547],[-96.076515999893999,32.807574999783064],[-96.076546999856134,32.80872600004809],[-96.07658299984115,32.810267999658969],[-96.076585000389287,32.810346999740169],[-96.076623999849019,32.811799000193723],[-96.076623000024114,32.81437700018401],[-96.076623000024114,32.814390999623072],[-96.076623000024114,32.814685000168502],[-96.076622000199194,32.815253000095105],[-96.076622000199194,32.815283999676915],[-96.076622000199194,32.815357000134988],[-96.076622000199194,32.815485999877438],[-96.076622000199194,32.815629000186505],[-96.076621000374303,32.81566600006532],[-96.076621000374303,32.81567899973345],[-96.076621000374303,32.815725999795305],[-96.076621000374303,32.81579800032371],[-96.076621000374303,32.816029000303971],[-96.076621000374303,32.816093000306608],[-96.076621000374303,32.816129999992263],[-96.076621000374303,32.816197999680298],[-96.076619999651058,32.820938000271013],[-96.076618999826138,32.823623999667959],[-96.076618999826138,32.823652999637318],[-96.076618999826138,32.824699000219582],[-96.076629999696806,32.825687999925222],[-96.076676999552475,32.829385000098526],[-96.076678000275692,32.829602000166581],[-96.07670300039004,32.831489999987056],[-96.076726999781187,32.83337799967137],[-96.076725999956267,32.833440999883457],[-96.076688000321454,32.836663999842649],[-96.076686999598209,32.836705999692541],[-96.076684999948398,32.836799000098225],[-96.076619999651058,32.837024000067949],[-96.076633000069847,32.8371340000134],[-96.076648999963382,32.837238000097159],[-96.076796000276474,32.838166000095804],[-96.076801000299355,32.838489000100083],[-96.076477000434238,32.838481000326802],[-96.071234000346479,32.838461999824617],[-96.067097999573207,32.838465000023362],[-96.064660999564794,32.838461999824617],[-96.063668999878018,32.838461999824617],[-96.063648999786523,32.838461999824617],[-96.063536999633541,32.838469000288207],[-96.063328000294476,32.838481999638127],[-96.063057000132815,32.83849599980676],[-96.062986999812622,32.838500000070205],[-96.062944999979834,32.838502000201849],[-96.062833999651758,32.838506999776008],[-96.062512000334777,32.838506999776008],[-96.062073999768558,32.838506999776008],[-96.062031999935769,32.838506999776008],[-96.061933000201563,32.838506999776008],[-96.061750999728375,32.838458999625765],[-96.058330000429066,32.838410000137515],[-96.058245000040273,32.838409000070655],[-96.058224000123886,32.838409000070655],[-96.058154999628584,32.838408000003795],[-96.058066999765046,32.838405999870012],[-96.058055000069487,32.838405999870012],[-96.058044000198834,32.838405999870012],[-96.057976000426763,32.83840499980311],[-96.057858000425966,32.838402999669277],[-96.057774999686998,32.838402000357114],[-96.057753999770597,32.838402000357114],[-96.057738999701982,32.838402000357114],[-96.057708999564753,32.838401000290169],[-96.057644999990657,32.83840000022321],[-96.057435999753281,32.838397000022276],[-96.057332999821114,32.83839599995526],[-96.053446000366506,32.838323999630177],[-96.053395000312889,32.838323999630177],[-96.053380000244275,32.838323999630177],[-96.052166999726239,32.838335999688432],[-96.050953000281609,32.838347999745011],[-96.050812999641195,32.838346999677462],[-96.046150000409881,32.838310000189146],[-96.033438000113122,32.838209000059031],[-96.032475999665238,32.838200000191307],[-96.032349000341952,32.838199000122081],[-96.031464999711886,32.838191000322674],[-96.031073999899618,32.838187000045309],[-96.031027999868869,32.838187000045309],[-96.030913000241156,32.838184999906559],[-96.030900999647272,32.838184999906559],[-96.030888000126794,32.838184999906559],[-96.030469999652041,32.838180999628975],[-96.029514999775188,32.83817199975843],[-96.028939000015001,32.838167000165399],[-96.028571999593893,32.838163999956585],[-96.028517000240626,32.838162999886954],[-96.028472999859687,32.838162999886954],[-96.026806999605114,32.838147000280934],[-96.026787000411957,32.838147000280934],[-96.026767000320447,32.838146000211104],[-96.026749999703696,32.838146000211104],[-96.026204000080753,32.838140999861835],[-96.026082999706929,32.838139999791949],[-96.024040999708731,32.8381230001117],[-96.024015999594369,32.8381230001117],[-96.018896000428569,32.838075999824454],[-96.016316000305011,32.838052999706967],[-96.014814999906903,32.838039000223205],[-96.014264000261051,32.83803399986791],[-96.013654999990621,32.83803000033825],[-96.010761999872614,32.838002999923184],[-96.010612999909711,32.838001999851748],[-96.009653000009976,32.837994000034591],[-96.009529000161407,32.837992999963035],[-96.009494999826217,32.837992999963035],[-96.009362999581739,32.837991999891486],[-96.009030000394119,32.837988999676753],[-96.008459999583422,32.837984000073426],[-96.00802699993838,32.837979999786732],[-96.007930999678905,32.837978999715027],[-96.007486000338304,32.837975000182894],[-96.007468999721553,32.837975000182894],[-96.006548000179876,32.8379670003633],[-96.000245999559851,32.837911000096454],[-95.997381999754168,32.83787100020772],[-95.994703999721324,32.837832999692893],[-95.994614000207946,32.837832000374313],[-95.994518999773391,32.837831000300945],[-95.99196899978709,32.837804999898985],[-95.991910000235862,32.837794999916589],[-95.990498000424509,32.837778000170267],[-95.990484000180814,32.837778000170267],[-95.990356000134284,32.837778000170267],[-95.99007400010197,32.837778000170267],[-95.989883000306264,32.83777900024424],[-95.989843000123287,32.83777900024424],[-95.989817000184004,32.83777900024424],[-95.989791000244765,32.837780000318197],[-95.989145999989276,32.837780999637353],[-95.987967999631351,32.837777000096295],[-95.98575900012689,32.837740000370374],[-95.985727000339836,32.837742999838731],[-95.985686000331938,32.837739000295969],[-95.981916000154897,32.837739000295969],[-95.981901999911202,32.837739000295969],[-95.981665999909637,32.837732999849351],[-95.981653000389159,32.837732999849351],[-95.981636999597328,32.837732999849351],[-95.981608000183314,32.837731999774867],[-95.981504000426256,32.837729000306133],[-95.981193999906523,32.837719000315126],[-95.979091999633866,32.837653999968772],[-95.978956999914658,32.837649000346573],[-95.978877000447042,32.837729000306133],[-95.978804999578699,32.837756000049751],[-95.978706999669413,32.837760999665917],[-95.978669000034571,32.837771999726236],[-95.978648999943076,32.837778000170267],[-95.978557999706496,32.837790000302334],[-95.978459999797195,32.837767000110688],[-95.9784459995535,32.837762999814217],[-95.978387999827177,32.837746000061784],[-95.978304000161586,32.837707000173474],[-95.978262000328797,32.837652999893393],[-95.978057000289382,32.837633999968723],[-95.978041000395862,32.837631999817518],[-95.97779500034855,32.837606000112103],[-95.976402999730382,32.837593999955175],[-95.974275000416753,32.837575000017885],[-95.972147000204828,32.837556000076574],[-95.964005999976209,32.837482999747664],[-95.960095000232158,32.837448000054607],[-95.960024999911951,32.837446999976969],[-95.960012000391472,32.837446999976969],[-95.959995999599641,32.837446999976969],[-95.959969999660359,32.837445999899266],[-95.959861999705339,32.837444999821543],[-95.959733999658809,32.837443999743819],[-95.959707999719541,32.837443999743819],[-95.95749800039016,32.837423999696469],[-95.957285999779728,32.837422000295319],[-95.957165000304229,32.837421000217333],[-95.95713599999192,32.837421000217333],[-95.957004999572348,32.837420000139325],[-95.956684999905207,32.837416999905273],[-95.956356000017237,32.837413999671099],[-95.954324000064773,32.837395999773555],[-95.952903999857497,32.837383000264623],[-95.942848999677167,32.837292999954329],[-95.938640999832216,32.837254999946886],[-95.934432999987251,32.837216999923122],[-95.93499500040204,32.837716000091177],[-95.935327999589646,32.838047000036305],[-95.935356999901956,32.838272999930638],[-95.935023999816025,32.838903000025198],[-95.934823999799491,32.839386999691911],[-95.934843999890973,32.840065000245545],[-95.934939000325542,32.840339000200103],[-95.935739000391692,32.840637000314416],[-95.936520000191294,32.840669000135499],[-95.937100999974334,32.840828999822691],[-95.937300999990882,32.841063999760209],[-95.937177999967219,32.841847000332557],[-95.938101999881951,32.842967999880301],[-95.938521000181609,32.843023999975891],[-95.938939999582956,32.842772999662593],[-95.939814999992194,32.841430999731791],[-95.940309999561521,32.841084999778971],[-95.940938000098541,32.840890999991878],[-95.941451999934429,32.840938000298237],[-95.941499999615019,32.84131000020701],[-95.941328999910795,32.84186700013813],[-95.941071999992843,32.842260999691476],[-95.94104400040375,32.842504999798422],[-95.941225000153736,32.842714000108352],[-95.941501000338235,32.842729999645975],[-95.941729999768796,32.84264100024739],[-95.941939000006144,32.842455000258028],[-95.94219599992411,32.841866000110208],[-95.942433999575471,32.841566000285525],[-95.942566999644882,32.84145399972882],[-95.94279500014882,32.841340999751651],[-95.943081000379095,32.841339999717803],[-95.943195000181916,32.841493000235182],[-95.943252999908225,32.841775999816434],[-95.943242999862477,32.842195999651899],[-95.943319999855376,32.842331999819635],[-95.943529000092738,32.842421000282741],[-95.943652999941307,32.842541999802492],[-95.943509999826162,32.842815999658427],[-95.943053999716597,32.843357999785219],[-95.942996999815193,32.843825999975209],[-95.94325399973313,32.844171999809454],[-95.94335900021342,32.844478999872379],[-95.943683000078522,32.845044000231454],[-95.94407399989079,32.84518799973312],[-95.944502000411276,32.845010999731016],[-95.945044999661178,32.844743999827458],[-95.945559000395392,32.844726999902534],[-95.946567999800607,32.844984999922694],[-95.946997000145998,32.84496800004392],[-95.947300999919619,32.844797000327318],[-95.947345000300558,32.844650000201668],[-95.947348999600209,32.844637000245555],[-95.947316999813154,32.844603000351441],[-95.947206000383375,32.844491999851584],[-95.946767999817141,32.844314999970862],[-95.946463000218628,32.844185999835467],[-95.946377000004901,32.843984000001385],[-95.946604999610514,32.843523999964077],[-95.946633999922838,32.843487999624287],[-95.946813999847905,32.843266000225263],[-95.947309000315542,32.843111999731242],[-95.947813000105697,32.842925999974142],[-95.948764999609523,32.842464999715538],[-95.949031999573194,32.842416000174282],[-95.949317999803469,32.842512999963802],[-95.949376000428117,32.842706999979534],[-95.949443000375268,32.842956999709152],[-95.949366000382355,32.843173999815271],[-95.949300000260124,32.843440999913462],[-95.949310000305857,32.843706999956034],[-95.949872999647255,32.845046000215653],[-95.950120000417769,32.845245999917147],[-95.950368000114878,32.845245999917147],[-95.950701000200809,32.845134000230438],[-95.951044000332502,32.844914999646178],[-95.951254000394783,32.844842000086068],[-95.951452999688087,32.8448500000408],[-95.95150999958949,32.845091999839724],[-95.951645000207023,32.845617999883856],[-95.951662999750383,32.84568900034543],[-95.951835000177837,32.845866999732969],[-95.952082999874932,32.846004000294613],[-95.952586999665101,32.845986999856301],[-95.952834000435615,32.845823999705829],[-95.953233999570401,32.845639000334572],[-95.953539000067224,32.845452999835409],[-95.953939999925211,32.845363000159978],[-95.954405000255633,32.845371000067701],[-95.954786000022139,32.84526599971155],[-95.95593900026573,32.844942000223],[-95.956423999789294,32.844941000229738],[-95.956776999966721,32.845207000305045],[-95.957139000364975,32.84580400003717],[-95.957253999992702,32.845956999651975],[-95.957663000246612,32.845965000260932],[-95.957891999677159,32.846044000292004],[-95.958016000424038,32.846231000286018],[-95.958034999792275,32.846465000284439],[-95.957873000308894,32.846739000104726],[-95.957777999874338,32.846932999939689],[-95.957968999670044,32.847748000343579],[-95.958378999748859,32.847884000305477],[-95.958674000199963,32.848216000025147],[-95.958702999613962,32.848674999942283],[-95.958361000205514,32.849676999720792],[-95.958304000304111,32.849821999944616],[-95.958485999879002,32.850450999640117],[-95.959199999731425,32.850934999727365],[-95.959982000254257,32.851336999900916],[-95.960942999978883,32.851384999878768],[-95.961247999577409,32.851424999714673],[-95.961429000225706,32.851570000100772],[-95.961457999639705,32.852158999992639],[-95.961449000317174,32.852320000006543],[-95.961734999649138,32.852706999847946],[-95.963850000340585,32.85410100015423],[-95.964441000169373,32.854270000277566],[-95.965088000074672,32.854300999823188],[-95.965945000042225,32.854178999844841],[-95.966298000219652,32.854155000237618],[-95.966506999558703,32.854299999935385],[-95.967259999769226,32.855306999719446],[-95.96748900009807,32.855540999932352],[-95.968642000341646,32.856032000007801],[-95.968766000190215,32.856152999834947],[-95.968823000091618,32.856330000251525],[-95.96878499955848,32.856450999672212],[-95.968319000301463,32.856629999971979],[-95.968070999706029,32.856952000082458],[-95.968214999646065,32.857461000254176],[-95.968004999583783,32.857590999807577],[-95.967947999682394,32.85770400022237],[-95.968024999675279,32.857808000350047],[-95.968806000373192,32.858242999685928],[-95.969073000336877,32.858316000295233],[-95.969434000011887,32.858186000295063],[-95.969957999893552,32.858032000036808],[-95.97032899961431,32.858080000165607],[-95.970748999738888,32.858313000012991],[-95.970977000242826,32.85849099973337],[-95.970692999662361,32.859481999951711],[-95.970778999876089,32.860207999897085],[-95.971102999741191,32.860570999905214],[-95.97113100022861,32.860581000339614],[-95.971636999668576,32.860756999651791],[-95.972179999816802,32.860820999863869],[-95.972569999804151,32.860909000080049],[-95.973142000264659,32.861505000000818],[-95.973533000076927,32.861648999953246],[-95.974180999807118,32.861722000023249],[-95.974600000106776,32.862107999797601],[-95.974771999635919,32.8627610002222],[-95.975109999744717,32.862990999722591],[-95.978089000076437,32.865018000296658],[-95.978460999622115,32.865477000059961],[-95.978736999806628,32.865960999660189],[-95.979309000267165,32.866404000031302],[-95.980034999815175,32.866830000235815],[-95.980090999891672,32.866863000166248],[-95.980271999641644,32.867129000163132],[-95.980396000388509,32.867378999744879],[-95.980064000127499,32.868242999844028],[-95.980025999594332,32.868493000057683],[-95.980111999808059,32.868670999719832],[-95.980331000091184,32.868735000257068],[-95.980768999759093,32.868735000257068],[-95.981074000255944,32.868782999875151],[-95.981188000058751,32.86898299963903],[-95.981465000068184,32.869514999697174],[-95.981608000183314,32.869670000103554],[-95.982018000262158,32.869596000069876],[-95.982284000400938,32.869514999697174],[-95.982445999884334,32.869554999657616],[-95.982618000311774,32.869901999971923],[-95.982789999840904,32.870548000153413],[-95.983076000071165,32.870893999898826],[-95.983476999929167,32.871256999929265],[-95.984020000077379,32.871625999646618],[-95.984400999843885,32.871803000119279],[-95.984610999906167,32.87203800026041],[-95.984858999603276,32.872279999838284],[-95.985173000320955,32.872334999855966],[-95.98570700024834,32.872343000349552],[-95.986097000235674,32.87252799986765],[-95.986402999659134,32.872738000055939],[-95.986600000200937,32.873063999995054],[-95.98665100025454,32.873150000029113],[-95.986708999980877,32.873406999958384],[-95.986719000026611,32.873665999990578],[-95.98667100034605,32.873875999746652],[-95.986548000322401,32.874175000057193],[-95.986395999986428,32.874416999837614],[-95.986282000183607,32.875120999832198],[-95.987033999670885,32.875560000359499],[-95.98723700006046,32.875751999740089],[-95.987358000434284,32.876130999799841],[-95.987258999801782,32.876415000191955],[-95.986105999558205,32.877511000080879],[-95.986068999748269,32.87807599979773],[-95.986257000069244,32.878487000243965],[-95.98655900019304,32.879381999811436],[-95.986640000383915,32.879621000149584],[-95.986635000361034,32.879887999945225],[-95.986514999812115,32.880107999791171],[-95.986327000389451,32.880262999783412],[-95.986072999946231,32.880435999727197],[-95.983703999709874,32.881216999914407],[-95.983156000437106,32.881482000265898],[-95.982799999886637,32.881807999733788],[-95.982732999939486,32.882325999740246],[-95.982753000030982,32.882925000001215],[-95.982852999590108,32.883149999928577],[-95.983334999638942,32.884542000157417],[-95.983311000247795,32.884784000300826],[-95.983143999843236,32.885043999824461],[-95.982932000131129,32.885426999790376],[-95.982582000326758,32.885616999850455],[-95.982267999609078,32.885644000107895],[-95.981826999568128,32.885504999840521],[-95.981588999916738,32.885516000016167],[-95.97973900043749,32.886491000009634],[-95.979460999704813,32.886446000257678],[-95.979089999984041,32.885957999703002],[-95.978843000111837,32.885992999872464],[-95.978674999882358,32.886180999662287],[-95.978301999613464,32.886121000029497],[-95.978132999559051,32.88623699963496],[-95.977822999937644,32.887030999776698],[-95.977597999806747,32.88724499988033],[-95.977365000178253,32.887521000237797],[-95.977190000276082,32.888395999979153],[-95.977111999559952,32.888874999923559],[-95.976919000114407,32.889225000034529],[-95.97688499977923,32.889483000369168],[-95.976812999809198,32.889693999856284],[-95.976951999726381,32.890008000186249],[-95.977136999674315,32.890224000362899],[-95.977325999820195,32.890713999761338],[-95.977370000201134,32.891028999721634],[-95.977321999622234,32.891057000066205],[-95.976427000019825,32.891589999873148],[-95.976345000004059,32.891801000376901],[-95.976473999875495,32.892089999911782],[-95.976688999960658,32.892362000165811],[-95.977500999722366,32.892473000348431],[-95.977602999829628,32.892868000108194],[-95.977612000050456,32.893344000161719],[-95.977371999850945,32.893783000186247],[-95.976112000375565,32.894776000050825],[-95.975823999597154,32.89465799993642],[-95.975299999715517,32.894664999736662],[-95.974942000413535,32.894879999688932],[-95.974519999740835,32.895289000287171],[-95.974289999587057,32.895736000369105],[-95.974191999677771,32.896141000105359],[-95.974216999792134,32.896504000072134],[-95.974538000182505,32.89737299991473],[-95.974560999748732,32.897606999988135],[-95.974383000371802,32.89776200029597],[-95.974147000370252,32.897878999896101],[-95.973924999714086,32.897767999699028],[-95.973493999718855,32.897652000105452],[-95.973193000318304,32.897866000199599],[-95.972826999722088,32.898175999637481],[-95.972654000368053,32.898608000363375],[-95.972630000078595,32.898865999771026],[-95.97266199986565,32.899092000084593],[-95.973458999558758,32.899396999843866],[-95.973632999636024,32.89952400011402],[-95.973743999964114,32.89986299973522],[-95.97362299959029,32.900057999637063],[-95.973405999855316,32.900197999823966],[-95.972733000010749,32.9003910002521],[-95.972118999717424,32.90073099969019],[-95.972103999648823,32.90095599965435],[-95.972742000231591,32.90144100023084],[-95.972821999699221,32.901617999988105],[-95.972851000011531,32.901682000115798],[-95.972568999979231,32.901870999904673],[-95.972533999819134,32.902080999951316],[-95.972460000199277,32.902285999749964],[-95.972434000260023,32.902359999641625],[-95.9723279999548,32.902655000001758],[-95.972310000411454,32.902704000201602],[-95.972209999954018,32.902982000098817],[-95.971948999838133,32.903706999704951],[-95.971537999934384,32.904848000146089],[-95.970435999744424,32.90790799998117],[-95.970432000444774,32.907918000354456],[-95.968437000302259,32.913459000273058],[-95.968423000058536,32.913510999695212],[-95.968418000035669,32.913529999955045],[-95.968411000362977,32.913556000026162],[-95.968130999980488,32.9146550003695],[-95.968057000360645,32.914945999902748],[-95.968018000002573,32.915067000002367],[-95.968013999804612,32.915079000233803],[-95.967510999839376,32.916583000276006],[-95.967477000402496,32.916683000190972],[-95.967474000029455,32.916693000327136],[-95.967346999807845,32.917058000374155],[-95.966853999888343,32.918484000373013],[-95.966812999880474,32.918601999656715],[-95.966793999613898,32.918655999659855],[-95.966331999656532,32.919991000321524],[-95.966078000111636,32.920724999932965],[-95.966006999966524,32.920928999654087],[-95.965989000423164,32.920978000296984],[-95.965607999758348,32.922082999741896],[-95.965590000215002,32.922134000253209],[-95.964900999578603,32.923930000314641],[-95.963722000294069,32.927005999707369],[-95.963174000122976,32.928434000371311],[-95.963169000100109,32.928448999714199],[-95.961307999851869,32.934056000122084],[-95.957238999924087,32.945825000148218],[-95.957233999901206,32.94583899994862],[-95.956436000383178,32.948147000054071],[-95.953709999771462,32.955909999901181],[-95.953678999809327,32.955997999876708],[-95.953667999938659,32.956029000009977],[-95.952494999603587,32.959373000058513],[-95.952484999557853,32.959403000306253],[-95.952480000433283,32.959417999672517],[-95.952476000235322,32.959428999708727],[-95.952463999641452,32.959463000017408],[-95.952432999679303,32.959552999884643],[-95.952235000210905,32.960116000281943],[-95.952227999639888,32.960135000330524],[-95.952217999594154,32.960162999918616],[-95.952180999784233,32.960267999802355],[-95.952127000255871,32.960422000210166],[-95.95114800008956,32.963213000233083],[-95.950287999748937,32.96566000011137],[-95.950193000212693,32.965932000367452],[-95.950162000250572,32.966020000160185],[-95.950151000379904,32.966049999658416],[-95.950146000357037,32.966064000023735],[-95.950129999565192,32.966108999998461],[-95.948808000165513,32.969876000030467],[-95.948325000291774,32.971252000071352],[-95.947291999698791,32.974197999892006],[-95.946459999845558,32.97657100037376],[-95.94529999992929,32.979876999939655],[-95.940532000217672,32.980005999928011],[-95.940220000048143,32.980006999903793],[-95.940189999910913,32.980005999928011],[-95.935301999650392,32.979869000121113],[-95.931027999683181,32.97984099999691],[-95.930980000002606,32.97984099999691],[-95.93095999991111,32.97984099999691],[-95.92520600036049,32.979805000039541],[-95.925181000246141,32.979805000039541],[-95.925141999888069,32.979805000039541],[-95.92366499977939,32.979796000236256],[-95.923550000151664,32.979796000236256],[-95.923533000433224,32.979798000192609],[-95.922112000401029,32.979786999678538],[-95.91631899959404,32.979753999635108],[-95.905049000144174,32.979692000182446],[-95.903714000325706,32.979686000306032],[-95.898202999551032,32.979796000236256],[-95.898010000105501,32.979765000153364],[-95.89776800025615,32.979729000164937],[-95.897754000012455,32.979727000207014],[-95.8977220002254,32.979722000311988],[-95.897683999692248,32.979715999684039],[-95.897646999882326,32.979709999809259],[-95.897557000368963,32.979695000120543],[-95.897523000033772,32.979691000203104],[-95.896895000395048,32.979593999889225],[-95.896667999716016,32.979595999850169],[-95.896650999997604,32.979595999850169],[-95.882538999585037,32.979505000074681],[-95.875242999628398,32.979461000124743],[-95.872388000043557,32.979373000159086],[-95.871858000314134,32.979377000090921],[-95.871834999849597,32.97938200000543],[-95.86820500031294,32.979443999675759],[-95.865293999753291,32.979513999907567],[-95.863369999755861,32.979559999792841],[-95.862521000184216,32.979571000335262],[-95.862667999598983,32.984450999807059],[-95.862671999796945,32.98457099982398],[-95.862674000345081,32.984617000088626],[-95.862978999943607,32.994760000095319],[-95.863111000188098,32.999138000225145],[-95.86312899973143,32.999712000201882],[-95.863229000188852,32.999952000011731],[-95.863296000136003,33.000117000020161],[-95.86330299980871,33.010027999789969],[-95.863301999983804,33.010070999932495],[-95.863307999831591,33.01878899980295],[-95.863307999831591,33.018821000025028],[-95.863307000006671,33.018934000245437],[-95.863312000029552,33.026589000255591],[-95.863317000052405,33.032631000309173],[-95.86332100025038,33.038964000338446],[-95.86332000042546,33.039200000020529],[-95.863325000448341,33.045121000256998],[-95.863325000448341,33.047497000375948],[-95.863325000448341,33.048211000207672],[-95.863326000273233,33.049891999945437],[-95.863328999747978,33.053222999663696],[-95.863332000121019,33.056079999769331],[-95.863147000173086,33.056261000225419],[-95.863057999586331,33.056346999800041],[-95.863030999822143,33.06277799971889],[-95.863020999776396,33.065092000280416],[-95.863018000301665,33.065869999869747],[-95.863011999555582,33.067262000250153],[-95.863010999730662,33.067387999678097],[-95.862931000263018,33.084963999649425],[-95.862913999646267,33.088727000239139],[-95.862877999661279,33.099239999909116],[-95.862877999661279,33.099267999736149],[-95.862825999782729,33.111587000233129],[-95.862825999782729,33.11165200017151],[-95.862821999584767,33.125114000349896],[-95.862778000102153,33.129227000029168],[-95.862774999729112,33.129455000070053],[-95.862773000079287,33.129629999782296],[-95.862773000079287,33.129646999843231],[-95.862773000079287,33.129663000118782],[-95.862771000429476,33.129848000225508],[-95.862738999744096,33.132748000226812],[-95.8627189996526,33.134696000138312],[-95.86261099969758,33.144854999951129],[-95.862582000283581,33.147599999915805],[-95.86257800008562,33.148012999791455],[-95.862548999773296,33.150791000140515],[-95.862539999552467,33.151694000270275],[-95.862512999788294,33.154173000121304],[-95.862495000244934,33.154236000364151],[-95.862486999849011,33.154263999956157],[-95.862506999940493,33.155036000013311],[-95.862506999940493,33.155056999892658],[-95.862505000290668,33.155318999719505],[-95.862502999742546,33.155558000035683],[-95.862477999628183,33.157866999813869],[-95.862477999628183,33.157985000024674],[-95.862430999772528,33.162438999870879],[-95.862403000183434,33.165065000337513],[-95.862403000183434,33.16508000004039],[-95.862403000183434,33.165104000161193],[-95.86231100012192,33.173833999999339],[-95.862308999573784,33.173965000154354],[-95.862287999657397,33.176106000288627],[-95.862260999893209,33.17865100011911],[-95.862220999710246,33.182458999882996],[-95.862203999991792,33.18409400009115],[-95.862203999991792,33.184138999948232],[-95.862203999991792,33.184162000200381],[-95.862154999587986,33.188847999897213],[-95.862148999740214,33.189404000334299],[-95.862147000090388,33.18962599973112],[-95.862076999770181,33.19636199973958],[-95.862070000097503,33.197285000058059],[-95.862069000272584,33.19738099980141],[-95.862065000074622,33.197926999628656],[-95.862060999876661,33.198370999753699],[-95.862059000226836,33.198621000181035],[-95.86205800040193,33.198702999750843],[-95.862027000439781,33.201751999943248],[-95.862025999716579,33.201827999817738],[-95.862025999716579,33.201855999992198],[-95.861976000386178,33.206769999778466],[-95.861974999662934,33.206838999974771],[-95.861973999838014,33.206914999942825],[-95.861894000370398,33.20711999997274],[-95.861885999974476,33.207154000114592],[-95.861870999905875,33.207383999798921],[-95.861865999882994,33.20746400013573],[-95.861900000218199,33.207998000022158],[-95.861899000393279,33.208104999837076],[-95.861896000020238,33.208386999916684],[-95.861895000195318,33.208463999679253],[-95.861891999822276,33.208756999815847],[-95.861853000362515,33.212313999896779],[-95.861835999745765,33.213897999633808],[-95.861834999920859,33.213988000261175],[-95.861809999806511,33.216241999831389],[-95.861802000308899,33.217022999876619],[-95.861798999935843,33.217325999767667],[-95.861794999737882,33.217686999924929],[-95.861793999912962,33.217779999751272],[-95.861779999669281,33.219059999883562],[-95.861779999669281,33.219087000292355],[-95.861779999669281,33.219195999853937],[-95.861778000019456,33.219329999839047],[-95.861753999729999,33.219565999897014],[-95.861773999821494,33.219556999810955],[-95.861756000278135,33.221611999943129],[-95.861680000110169,33.228116000071509],[-95.861648000323115,33.229433000206377],[-95.8615849996756,33.236741999644437],[-95.861568999782079,33.238789999976483],[-95.861568999782079,33.238836000309895],[-95.861567999957174,33.238916999727458],[-95.86153799981993,33.24200200014856],[-95.861525000299466,33.243568999752988],[-95.861507999682715,33.245711000321407],[-95.861495999987142,33.247221999711954],[-95.861502999659834,33.247348999984624],[-95.861502999659834,33.247464000030952],[-95.861480000093607,33.250111999631336],[-95.861470999872779,33.252318000061138],[-95.861470000047873,33.252474000075523],[-95.861470000047873,33.252540999765003],[-95.861470000047873,33.252608000154424],[-95.861451999606203,33.256910000011807],[-95.861451999606203,33.256990000125683],[-95.861420999644068,33.264332999692243],[-95.861387000207202,33.272770999930607],[-95.861383000009241,33.273879000106106],[-95.86136399974265,33.278621000001039],[-95.861360000443014,33.279708000264186],[-95.861358999719798,33.279972999811328],[-95.861143999634635,33.285856000202557],[-95.860952000014024,33.2892820002401],[-95.860747999799514,33.292931999794625],[-95.860664999958829,33.294289000200116],[-95.860659000111056,33.294392999817497],[-95.860647000415483,33.294656999675574],[-95.860624999775865,33.295151999696508],[-95.860628999973841,33.295170000067543],[-95.860628999973841,33.295343999708599],[-95.860565000399731,33.297060999712109],[-95.860536000087407,33.298414000030881],[-95.860524000391848,33.298885999642422],[-95.86049599990443,33.299930000368974],[-95.860512999622884,33.300213000157925],[-95.860553999630753,33.300471999998472],[-95.860594999638636,33.301135999763723],[-95.860611000430481,33.301513000293461],[-95.860572000072423,33.303555999977661],[-95.860545000308235,33.305207000012309],[-95.860543999585019,33.305237000173584],[-95.860540000285368,33.305467000065825],[-95.860519000368981,33.310478000347977],[-95.860510999973059,33.311417000270012],[-95.860502999577136,33.312431999651274],[-95.860345000291701,33.318534000039676],[-95.860294000238071,33.320616999686557],[-95.860289000215204,33.320808999933902],[-95.860249999857146,33.32237999963408],[-95.860186000283051,33.325725000345464],[-95.860167999841366,33.326683999846459],[-95.860141999902126,33.327098000350894],[-95.860122999635536,33.32750000008965],[-95.860103000442351,33.32809400018489],[-95.860117999612655,33.328990999913209],[-95.860163999643405,33.330888999809552],[-95.860163999643405,33.333331999777982],[-95.859956000129259,33.341859000258992],[-95.859792999922647,33.348595999684932],[-95.859679999944746,33.353216999760534],[-95.859672000447148,33.353311000323103],[-95.859624999693168,33.353873999843948],[-95.859618999845381,33.353950000212016],[-95.859602000126941,33.354157000068405],[-95.859458000186905,33.355665999665355],[-95.859448000141143,33.355741999969432],[-95.859423999851714,33.355932999887862],[-95.859373999623003,33.356569000212808],[-95.859309000223988,33.357857999680363],[-95.859280999736583,33.358511000071566],[-95.85926800021609,33.359245000369704],[-95.859237000253955,33.360916000113683],[-95.859234999705834,33.361033000091354],[-95.859218999812299,33.363405000241443],[-95.859221000360449,33.363708000177155],[-95.859223999835166,33.364446999911323],[-95.859232000231074,33.3658480003078],[-95.859200000444034,33.367922000068766],[-95.859183999652188,33.36833300017603],[-95.859182999827283,33.368439000078595],[-95.859180000352552,33.368616999950035],[-95.859178999629336,33.368711999685978],[-95.859166999933763,33.368847999893404],[-95.859132999598586,33.369252999853209],[-95.859122999552824,33.370136999781209],[-95.859089000115958,33.370213000200913],[-95.859193999697936,33.37250300000656],[-95.859202999918779,33.373145000012464],[-95.859234999705834,33.373824000286973],[-95.859048000108061,33.375109000044048],[-95.859039999712152,33.376170999891528],[-95.85906200035177,33.376272000170218],[-95.859122999552824,33.376865999881218],[-95.859115000055212,33.377900999982216],[-95.859077000420385,33.379285000181433],[-95.859052000306022,33.38044299963795],[-95.858983999635669,33.38044299963795],[-95.85898799983363,33.384140000063503],[-95.858976999962962,33.384638999799627],[-95.858961000069442,33.385345000339122],[-95.858929000282387,33.386742000052223],[-95.858889999924315,33.388427000226471],[-95.858843999893566,33.390437999853987],[-95.858807999908549,33.392020999988922],[-95.858721999694836,33.395814999687225],[-95.858720999869931,33.396000000192842],[-95.858709000174372,33.399293000296559],[-95.85869900012861,33.402410999763688],[-95.858698000303718,33.402750999735616],[-95.858644999701951,33.405793999971415],[-95.85870499997641,33.408662999951773],[-95.858723000418053,33.409529999985281],[-95.875240999978573,33.407358999672972],[-95.879017999828321,33.406908999671025],[-95.882377999926547,33.406467000279449],[-95.88275000037055,33.406418000249161],[-95.882871999670968,33.406402000355733],[-95.904366000253873,33.40357700034923],[-95.904520000239657,33.403556000176685],[-95.907072999700716,33.403221000130692],[-95.907117000081641,33.403214999950201],[-95.919006999672618,33.401651999938295],[-95.919055000251504,33.401644999976263],[-95.919102999932093,33.401638999686938],[-95.924592999892084,33.400917999774833],[-95.9246230000293,33.400914000298492],[-95.924670999709889,33.400905999845321],[-95.930360999686414,33.400158999656838],[-95.935775000376708,33.399448000198731],[-95.93581100036171,33.399443000206212],[-95.935845999623496,33.399438999912007],[-95.938937999933145,33.399032999839839],[-95.939019000123992,33.399022000103329],[-95.939035000017498,33.39901999994656],[-95.939100000314824,33.399012000068936],[-95.939327000095545,33.398981000255105],[-95.951701000283521,33.397355999802414],[-95.951712000154174,33.397355000079806],[-95.951748999964096,33.39734999996687],[-95.955266000421162,33.396886999660055],[-95.972877999775704,33.394572999879692],[-95.977583999563052,33.393955000105244],[-95.977709000134837,33.39393699989305],[-95.97772099983041,33.393936000131163],[-95.983630000090031,33.393159999929473],[-95.983748999915733,33.393143999844689],[-95.991953999718461,33.392066000004377],[-95.991978999832824,33.39206299990407],[-96.000247000283068,33.390977000290178],[-96.008177999551108,33.390042000051913],[-96.010150000127425,33.389808999777998],[-96.012079999972627,33.389551999636772],[-96.012120000155605,33.389546999824979],[-96.018361999602874,33.388716000251883],[-96.026111000194334,33.387685999786576],[-96.026864000404842,33.387585999848838],[-96.035598000112103,33.386439000092246],[-96.03580899999929,33.386411999688065],[-96.049840000220996,33.384541999717406],[-96.04985399956638,33.384539999977449],[-96.052710999699372,33.384158000054171],[-96.056234999829115,33.383688000076347],[-96.06116499992244,33.383031999964423],[-96.061981999707044,33.382922000288971],[-96.06876399982778,33.382019000202639],[-96.069510000365582,33.381919999647664],[-96.074521999576376,33.381252000056449],[-96.082431999826326,33.380199000024213],[-96.085027000018485,33.379865999809383],[-96.085133000323694,33.379851000202194],[-96.086940000145248,33.379610000207656],[-96.086971999932302,33.379605999750808],[-96.094897000250882,33.378545999718561],[-96.112113999595223,33.3762480002557],[-96.112146000280575,33.376242999678844],[-96.120648000184246,33.375110000022438],[-96.12195399969039,33.374957000191756],[-96.121968999759019,33.37495600021159],[-96.125251000039427,33.374548999827567],[-96.125251000039427,33.374459999629913],[-96.125385999758649,33.374442999868407],[-96.13664100003821,33.372923000258986],[-96.136671000175426,33.372919000244671],[-96.146719999609672,33.371630000318682],[-96.1517069996044,33.370971999970159],[-96.151764000404128,33.370963999761997],[-96.157308999717387,33.370233000142399],[-96.166122999790574,33.369072999687063],[-96.166610999687208,33.369008000306565],[-96.177861999768808,33.367524999689572],[-96.177905000324827,33.367519000046009],[-96.186117999625182,33.366436000211664],[-96.189339999631144,33.366012999901045],[-96.189358000072801,33.366010999735082],[-96.190262999720957,33.36589200027997],[-96.196409999631953,33.365083000287854],[-96.20070500041389,33.364516000099094],[-96.205263999888132,33.363915000083693],[-96.206244999704268,33.363785000319496],[-96.212877000037167,33.362912000178575],[-96.213349999865173,33.362850000304711],[-96.214205000182943,33.362738000372183],[-96.214309999764936,33.362717000087414],[-96.214322000358806,33.362715999966554],[-96.228021000319487,33.360917000255235],[-96.228136999772119,33.360901999631288],[-96.228352999682187,33.360874000160273],[-96.228406000283954,33.360866999915977],[-96.228705000034694,33.36082800036673],[-96.239433999884483,33.359414999772497],[-96.23964599959659,33.359386999823101],[-96.239691999627354,33.35938000020947],[-96.241663000378736,33.359113000057036],[-96.241685999944963,33.359115999793538],[-96.250255999620691,33.357776000158267],[-96.251880000042476,33.357566000114844],[-96.251892999562955,33.35756399975471],[-96.276775999658085,33.354399000262383],[-96.277056999865479,33.354351000364225],[-96.278437999714697,33.354186999887169],[-96.278836000097954,33.354134000275465],[-96.281955999996669,33.35373100017604],[-96.281983999585748,33.353727000029757],[-96.292007999803943,33.352389999935006],[-96.29218500025425,33.352369999644132],[-96.292560999997903,33.352326000338657],[-96.292836000357511,33.352294000147666],[-96.292982999772292,33.352275000075586],[-96.29445499985809,33.352083000141455],[-96.295413000108013,33.351936000304264],[-96.299456000096541,33.351511000297563],[-96.305347999739425,33.350892999904914],[-96.30739800013356,33.350581000284024],[-96.309280000298187,33.350292999872458],[-96.30972800001183,33.350231000013558],[-96.309804000179824,33.350223999663584],[-96.309998000348585,33.350210999977001],[-96.310319999665552,33.350180000023926],[-96.310476000199486,33.350159999975659],[-96.310944000004611,33.350142999968547],[-96.311062999830298,33.350138000142408],[-96.311143000196253,33.350144999748892],[-96.311411999809749,33.350149000059758],[-96.311636000115755,33.350121000131004],[-96.312113999966627,33.350009999842662],[-96.312384000303368,33.349963000042926],[-96.312519999847495,33.349941000159895],[-96.312612999733915,33.34992599989539],[-96.312974000307264,33.349869000367406],[-96.314129000200651,33.349737000092944],[-96.315209999575899,33.349626000065342],[-96.315248999933956,33.34962300000177],[-96.316084000160231,33.34952400009773],[-96.316106999726443,33.349521000030656],[-96.316325000184648,33.349491000104678],[-96.316981000310761,33.349409000204282],[-96.317199999695575,33.349381000037589],[-96.317316000046503,33.349365999676536],[-96.317671999698675,33.349322999878019],[-96.318055999838236,33.349275999707416],[-96.318089000348508,33.349275000182502],[-96.318169999641043,33.349272000106836],[-96.318343999718309,33.349248000248352],[-96.31938700035704,33.349104999734806],[-96.320189999897948,33.348975999888708],[-96.321590000013728,33.348798000363068],[-96.321769000113875,33.348773000092827],[-96.32231800010986,33.348699000271317],[-96.322744999907144,33.348637000027644],[-96.322910999588501,33.348616999624909],[-96.322950999771464,33.348609999895643],[-96.323072000145288,33.348593000336287],[-96.323113000153157,33.348587999670713],[-96.323709000004811,33.348497000113838],[-96.325498000283048,33.348227000233919],[-96.325947999646516,33.34815999971439],[-96.326094999959608,33.348135000011318],[-96.326195000417044,33.34812099972423],[-96.32629499997617,33.348105999896511],[-96.326419999649616,33.348086999660822],[-96.326849999819942,33.348024000192432],[-96.327398999815941,33.347952999855515],[-96.327725000229179,33.347898999909305],[-96.327783999780408,33.347880999919788],[-96.328561000280359,33.347790999916342],[-96.331076000106563,33.347501999734888],[-96.331914999632488,33.34740599981032],[-96.332041999854098,33.347390000312863],[-96.332499999613489,33.347332999874993],[-96.334257999929562,33.347118000151902],[-96.334843999735483,33.347046999826539],[-96.335504000059572,33.346964000324071],[-96.337485999783325,33.346721999722675],[-96.338146999932306,33.346642999631925],[-96.338802000233528,33.346562000357302],[-96.340767000238827,33.346323000316836],[-96.341423000364941,33.346243000304305],[-96.341655000168529,33.346214999869851],[-96.341682999757609,33.346209999818079],[-96.342462999732319,33.346113999969852],[-96.342723000023312,33.346083000058741],[-96.343224000338722,33.346021000203514],[-96.344729000036509,33.345837999816453],[-96.345231000176824,33.345777000102295],[-96.346176999832863,33.345661000195726],[-96.347790000383981,33.345463999838614],[-96.349016000422495,33.345311999978442],[-96.34996299990344,33.345198000096737],[-96.35081400002322,33.345092999974952],[-96.35336900003243,33.34478000025431],[-96.35349399970589,33.344766000178147],[-96.35422099997713,33.344677999862505],[-96.354668999690787,33.344622999807676],[-96.355144999891849,33.344565000230695],[-96.355221000059828,33.344556000267005],[-96.355329999839768,33.344542999734131],[-96.355438999619707,33.344529000370308],[-96.355564000191492,33.34451399992377],[-96.355688999864981,33.344499000225156],[-96.356013999554989,33.344458999765358],[-96.356985000223673,33.344340000108687],[-96.357058999843531,33.344331000121748],[-96.357144000232338,33.344320999801646],[-96.357916999636004,33.344225999704946],[-96.358573999587037,33.344144999682811],[-96.358842000273953,33.34411300023698],[-96.36034899962155,33.343927000082843],[-96.364872999834034,33.34337300011012],[-96.366380999904848,33.343190000161499],[-96.366681000378804,33.343153000137477],[-96.367584000377121,33.343043000317984],[-96.367885999602606,33.343006999828368],[-96.368808999692433,33.342894000279486],[-96.369360000236554,33.342825999809492],[-96.373784999816507,33.342284000102708],[-96.375260000275361,33.342103999689286],[-96.375856999951935,33.342038999677882],[-96.377105999556676,33.341903999960969],[-96.382646999570269,33.34131499980392],[-96.384495000298045,33.34111899973977],[-96.384500000320912,33.341202000310886],[-96.384490000275164,33.341320999752952],[-96.384488999551934,33.341337000365556],[-96.384491000100084,33.341749999917162],[-96.384495000298045,33.341813000172678],[-96.384484000427392,33.341932000280799],[-96.384467999635532,33.342135999873364],[-96.384459000313029,33.342821999912637],[-96.38446099996284,33.343557000015139],[-96.38446099996284,33.343829999630969],[-96.38444500006932,33.344583999734049],[-96.38444500006932,33.345437999792487],[-96.384435999848478,33.346107000039289],[-96.384414000107185,33.348894999782949],[-96.384421999604783,33.350257999642849],[-96.384440000046439,33.350514000075343],[-96.384481000054336,33.351843000003434],[-96.384491000100084,33.353015000331425],[-96.384506999993604,33.353389000138179],[-96.38450799981851,33.354134000275465],[-96.384511000191566,33.354464000050996],[-96.384521000237299,33.356297999662196],[-96.384521000237299,33.356640000275718],[-96.384521000237299,33.358308000001387],[-96.384511000191566,33.359063000181941],[-96.384510000366646,33.361179000182723],[-96.384510000366646,33.361825000247585],[-96.384511000191566,33.362546000259599],[-96.384525000435261,33.36536499998639],[-96.384526000260166,33.365542000056614],[-96.384522000062219,33.365677999967687],[-96.384525000435261,33.365998000155599],[-96.38452399971203,33.366473000093116],[-96.38452399971203,33.366701000252391],[-96.384526000260166,33.366922000056938],[-96.384537000130834,33.368438000023495],[-96.384537999955754,33.368633000047055],[-96.384549999651313,33.368830999785359],[-96.384548999826379,33.369265999696573],[-96.384547000176568,33.370197999679135],[-96.384546000351662,33.370226999935355],[-96.384543999803526,33.370322000163839],[-96.384543999803526,33.370352999694738],[-96.384554999674194,33.371303999707813],[-96.384589000009356,33.374158000370784],[-96.384600999704944,33.375110000022438],[-96.384599999880024,33.375129000360204],[-96.384599000055118,33.375187999803146],[-96.384599000055118,33.375208000101075],[-96.384598000230199,33.375222999758954],[-96.384597000405293,33.375270000170396],[-96.384597000405293,33.375285999793896],[-96.384592000382412,33.375481000220184],[-96.384583999986503,33.375847999706018],[-96.384578999963622,33.376067000343603],[-96.384561000420277,33.376261999769021],[-96.384553999849274,33.376624999866216],[-96.384549999651313,33.377638000201912],[-96.384549999651313,33.377755000196679],[-96.384537000130834,33.382238000302429],[-96.384532999932873,33.383732000025667],[-96.384544999628432,33.384713999680699],[-96.384582000336678,33.387658999769741],[-96.384593000207332,33.388506999712021],[-96.384589000009356,33.388642999718492],[-96.384584999811395,33.388794999650408],[-96.38457300011585,33.389248999720074],[-96.38456999974278,33.389402999720588],[-96.384575999590581,33.389956999940615],[-96.384587000359531,33.390871999902394],[-96.384587000359531,33.391028000368486],[-96.384587000359531,33.391621999782664],[-96.384588000184451,33.392177999675084],[-96.384593000207332,33.392353000371656],[-96.384585999636329,33.393625000122611],[-96.384587000359531,33.393689000089871],[-96.384598000230199,33.394581999920362],[-96.384615999773558,33.396055999761522],[-96.38461699959845,33.396114000267772],[-96.3846190001466,33.396330000157576],[-96.384620999796411,33.396456000345388],[-96.384660999979388,33.396619999887584],[-96.384670000200217,33.396658000158062],[-96.384680000245964,33.396699000352299],[-96.384756000413958,33.39678800028674],[-96.384737000147368,33.396956000361101],[-96.384672999674947,33.39756400034419],[-96.384602000428146,33.397826000130721],[-96.384844000277496,33.397858000073363],[-96.385210999800307,33.397906999681545],[-96.385319999580247,33.397919999741333],[-96.385647999643311,33.397964999702474],[-96.385758000146467,33.397979999934272],[-96.385901000261597,33.397998000059083],[-96.386329999708693,33.398055000304709],[-96.386473999648743,33.398074999842628],[-96.386810999932621,33.398085999698949],[-96.387389000240944,33.398105000265737],[-96.390136999695656,33.398199000324531],[-96.391053000112791,33.398231000129883],[-96.391105999816233,33.398231999842359],[-96.39126800019794,33.398238000367002],[-96.391321999726301,33.39824100025416],[-96.391404999566973,33.398242999678864],[-96.391657000360382,33.398250999627237],[-96.391678000276769,33.398252000089471],[-96.391741000025959,33.398244000141197],[-96.391811000346152,33.398234000017268],[-96.391832000262553,33.398286000049005],[-96.391889000163957,33.398288999934508],[-96.392440999634701,33.398327999936576],[-96.3926249997577,33.398340999933339],[-96.392762000025058,33.398350000333828],[-96.392850999713531,33.3983560001003],[-96.393172999928794,33.398379000201253],[-96.393310000196138,33.398390000019141],[-96.393362999899608,33.398395000072249],[-96.393809999788331,33.398408000059021],[-96.393942000032837,33.398411999650712],[-96.394091999820645,33.398415000281844],[-96.394229000088004,33.398341999644551],[-96.394571000394762,33.398330999820615],[-96.394773000061122,33.398325000052381],[-96.39634399988114,33.398273999756036],[-96.40102700010226,33.398123000364663],[-96.4023529996999,33.398079999913854],[-96.402380000362385,33.398079000199623],[-96.402525999952232,33.398106999693582],[-96.402948999551555,33.398189999908453],[-96.403407000209256,33.398216999654053],[-96.404838000287185,33.3982999997638],[-96.405228000274519,33.398309999880126],[-96.406127000074889,33.398278999815808],[-96.407195999754563,33.398242999678864],[-96.407902000109416,33.398218000116678],[-96.40892200028361,33.398184000130527],[-96.408991999705478,33.398187999732528],[-96.409199000293043,33.398182999667512],[-96.41059199983782,33.39818900019548],[-96.411041000274693,33.398199000324531],[-96.411438999759639,33.398207999989758],[-96.411719999967033,33.398215000228689],[-96.412105999756406,33.398218999829304],[-96.416331000218122,33.398272000331971],[-96.417783000212452,33.398205999814252],[-96.418656999898474,33.398210000165214],[-96.419660000354227,33.398213000053332],[-96.420392999574915,33.39821599994135],[-96.422351999732456,33.398223999892252],[-96.422617999871221,33.398223999892252],[-96.423477000386953,33.398228000242391],[-96.424705999900198,33.398234999729773],[-96.429300000432846,33.398413000111098],[-96.429625999947774,33.398426000095185],[-96.430473999694513,33.398459999986649],[-96.443647999948624,33.398747999945336],[-96.444554000320025,33.398767000367357],[-96.44560999958091,33.398791999771667],[-96.447271999637508,33.398827999681167],[-96.4481789998338,33.398847999791109],[-96.448679000324304,33.398859000299559],[-96.448815999693338,33.398855999683768],[-96.450547000245237,33.398811999889887],[-96.450748000086691,33.398809000022453],[-96.452913000108552,33.398831000297932],[-96.454518000263747,33.398847999791109],[-96.457260999695592,33.398873999627128],[-96.457654000055996,33.398877000242301],[-96.460024000117244,33.398902000364885],[-96.460055999904299,33.398900999910197],[-96.462508999806246,33.398859000299559],[-96.46946699965406,33.398740999749343],[-96.469964999596442,33.398732000139319],[-96.472451000008661,33.398689999697083],[-96.472536000397483,33.398689999697083],[-96.472790999767284,33.398693000318602],[-96.472876000156106,33.398694000025763],[-96.475276000354597,33.398722000071608],[-96.475779000319847,33.398729000269114],[-96.484487999912744,33.398859000299559],[-96.487391999901391,33.398903000069701],[-96.487627999902941,33.398906999638612],[-96.487981000080353,33.398915000275821],[-96.488000000346915,33.398915000275821],[-96.488287000402096,33.398921000003327],[-96.48833699973251,33.398921999707866],[-96.488573999558966,33.398926999730357],[-96.488638000031386,33.398926999730357],[-96.488725999894925,33.398930000343697],[-96.488831000375228,33.398930000343697],[-96.488895999774243,33.398933000206959],[-96.488952999675661,33.398933000206959],[-96.489125999928021,33.398938999933222],[-96.489151000042384,33.398939999637562],[-96.489151000042384,33.398906999638612],[-96.48924800012675,33.398908000093286],[-96.489540000204798,33.398910999957309],[-96.489638000114098,33.398911999661955],[-96.491762000128062,33.398936000070108],[-96.498134999994875,33.399011000365434],[-96.500259999833759,33.399035999699542],[-96.500294999993855,33.399034000293014],[-96.500399999575848,33.399032999839839],[-96.500435999560864,33.399032999839839],[-96.500773999669661,33.399032999839839],[-96.501787999996083,33.399032999839839],[-96.502126999929772,33.399032999839839],[-96.502393999893485,33.399037000152738],[-96.502603000130847,33.399040000012306],[-96.50403199966064,33.399070999805133],[-96.504508999686621,33.399082000285375],[-96.505118999781985,33.399093000014282],[-96.506005000061876,33.399108999753828],[-96.506950999717901,33.399125999942548],[-96.50756199963817,33.399136999665885],[-96.508288000084491,33.399148999839745],[-96.510465999626817,33.399186000052772],[-96.511192999898057,33.399200000372531],[-96.511360000302631,33.399201999775194],[-96.51186300026788,33.399208999934096],[-96.512030999599048,33.399213000238888],[-96.51230500013375,33.399216999793524],[-96.512680000052484,33.399223000250103],[-96.512704000341927,33.399223000250103],[-96.513054000146298,33.399228000255327],[-96.513128999591046,33.399228999956328],[-96.513357000094985,33.39923300026021],[-96.513403999950668,33.399233999961169],[-96.516209000205109,33.399273999989539],[-96.520661000447546,33.399338000296616],[-96.520710999777933,33.399338999996367],[-96.521002000031089,33.399341999845561],[-96.525690000275077,33.399394999663286],[-96.526570999633762,33.399404999653612],[-96.528359000087079,33.399426000079458],[-96.532945000223819,33.399478000147823],[-96.533332999663017,33.399481999690316],[-96.533745000289983,33.399485999982545],[-96.534403000065922,33.399493999816471],[-96.534623000173966,33.399495999962326],[-96.538712000193243,33.399542000304706],[-96.538759999873818,33.399543000002105],[-96.539837999774321,33.399548999686203],[-96.540980999972163,33.399565000091748],[-96.541027000002913,33.399565000091748],[-96.541770999992593,33.399565999788877],[-96.542514999982245,33.399565999788877],[-96.542627000135255,33.399565999788877],[-96.542884000053192,33.399572000221362],[-96.551599000392187,33.399772000151131],[-96.552798999593108,33.399634000166316],[-96.55283799995118,33.399634999862705],[-96.554684999955725,33.399686000110258],[-96.55493500020097,33.399676000152276],[-96.554958999592102,33.39967800029401],[-96.555114000301117,33.399683000272994],[-96.556516000066722,33.399762000203097],[-96.55699800011557,33.399774000290591],[-96.558008000244016,33.399799000155163],[-96.558077999665898,33.399801999988433],[-96.558421999622482,33.399818000347395],[-96.558524999554649,33.399819999735826],[-96.558659000347262,33.399821999874185],[-96.559606999653127,33.399843999893186],[-96.560492000108113,33.399882999947287],[-96.560519999697192,33.399880000116831],[-96.560610000108881,33.399870000181174],[-96.560655000314711,33.399848999862627],[-96.560680000429073,33.399850000306465],[-96.562088999867385,33.399855000275551],[-96.564228999774883,33.399861999631895],[-96.564310999790649,33.399872000318375],[-96.564365000217308,33.399877999979807],[-96.564448000057993,33.399887000221064],[-96.564698000303238,33.399917000018647],[-96.564781999968829,33.399926999948846],[-96.564811000281153,33.39992900008474],[-96.564829999649419,33.399931999913505],[-96.564900999794517,33.399931999913505],[-96.564930999931747,33.399934000049285],[-96.564972999764535,33.399934000049285],[-96.565099999986145,33.399934000049285],[-96.565142999643854,33.399934999742229],[-96.565299000177788,33.399934999742229],[-96.565766999982927,33.399938000320702],[-96.565922999618536,33.399939000013603],[-96.566007000182438,33.399939000013603],[-96.566261999552253,33.399939999706433],[-96.566346999941061,33.399941000149219],[-96.566466999591668,33.399941000149219],[-96.566517999645299,33.399941000149219],[-96.566685000049858,33.399943000284793],[-96.566827000340083,33.399943000284793],[-96.566946999990691,33.399944999670346],[-96.566996000394496,33.399944999670346],[-96.567142999809263,33.399944999670346],[-96.567192000213055,33.399946000113083],[-96.567315000236732,33.399946000113083],[-96.567686999782381,33.399948999941259],[-96.56781099963095,33.399949999633975],[-96.568163999808363,33.399951000076655],[-96.569224000165534,33.399956999732623],[-96.569423000357162,33.399958000175225],[-96.569425000006987,33.399750999808894],[-96.569445999923374,33.399769000316837],[-96.569521000266434,33.399811000237548],[-96.569594999886306,33.399831999815312],[-96.57001699966068,33.399873000011979],[-96.570522999998985,33.399889000357881],[-96.571350999654229,33.399924000119903],[-96.571724999748042,33.39992900008474],[-96.571970999795354,33.399939000013603],[-96.572850000402553,33.399946000113083],[-96.573528000269974,33.399946000113083],[-96.574222999855834,33.399968999793181],[-96.574714999950416,33.399980000159793],[-96.575381000122277,33.399987999948245],[-96.575805000444802,33.400070999866351],[-96.576311999709716,33.400060000261242],[-96.576373999633972,33.400060000261242],[-96.576561999954947,33.400061999644159],[-96.576624999704137,33.400063000085538],[-96.576680999780649,33.40006399977694],[-96.576757999773534,33.40006399977694],[-96.57715699998171,33.400072999998926],[-96.577290999876013,33.400077999955194],[-96.577480000021907,33.400085999734685],[-96.578015999599103,33.400094999954383],[-96.57986599997669,33.400169000309148],[-96.57992799990096,33.40017299981978],[-96.580203000260568,33.400182000030533],[-96.5802750002306,33.400186000290539],[-96.580288999575984,33.400186999980519],[-96.58033700015487,33.400187999670493],[-96.580356000421446,33.400189000110437],[-96.580399000079169,33.400191999930229],[-96.580411999599633,33.400191000240291],[-96.580454000330732,33.400194000060026],[-96.580467999676131,33.400194999749907],[-96.580870000257349,33.400211999726217],[-96.582077000029301,33.400262999635174],[-96.582220999969337,33.400269999708549],[-96.582480000435424,33.400281999725891],[-96.582502000176731,33.400281000036998],[-96.582568000298963,33.400271999836555],[-96.582590999865189,33.40026900001952],[-96.582627999675111,33.400262999635174],[-96.582682999926703,33.400254000182784],[-96.58284399958518,33.400230000138663],[-96.583404000350143,33.400251000365117],[-96.583601999818555,33.400259000128628],[-96.584211999913919,33.400281000036998],[-96.584262999967535,33.400281000036998],[-96.58435900022701,33.40028000034809],[-96.585309000080997,33.400297999996461],[-96.585591999938217,33.400288000108972],[-96.585802999825418,33.400266000202386],[-96.5898280002706,33.400237999904093],[-96.589962000164903,33.400239000343454],[-96.591409000136352,33.400256000311145],[-96.592902000138551,33.400273999964504],[-96.594861000296092,33.400297999996461],[-96.594908999976653,33.400298999685162],[-96.596750000133412,33.400321000333363],[-96.597811000315488,33.400334000032018],[-96.598771000215223,33.400346000040507],[-96.59981899997851,33.400358999735417],[-96.601484000408149,33.400379999930713],[-96.608207000079346,33.400461999787559],[-96.60858100017316,33.400466999721452],[-96.609616000415969,33.400480000148221],[-96.610116000008162,33.400485999767604],[-96.611373999833731,33.400506999932205],[-96.612260000113622,33.400521999725271],[-96.617396000071267,33.400609999808921],[-96.618694999904719,33.400630000258666],[-96.620725000207344,33.400666000156662],[-96.620797000177376,33.400664000037679],[-96.62083999983507,33.400664000037679],[-96.621208999906031,33.400661999918697],[-96.621723999566839,33.400657999680611],[-96.623257999576921,33.40064900026919],[-96.624379000033457,33.400642999911085],[-96.625076000167454,33.400640000106804],[-96.625263999590118,33.400638999672061],[-96.625685000437898,33.400647000149867],[-96.626950999761092,33.400675000316291],[-96.627329000052868,33.40068500015925],[-96.627373000433792,33.40068500015925],[-96.629771000084148,33.400737000224211],[-96.63696699958335,33.400898999823127],[-96.639365999956908,33.400952999872345],[-96.640529000246246,33.400978999828489],[-96.646635000149374,33.401114000139195],[-96.652708000440526,33.401249999917908],[-96.653255999713309,33.401261999799964],[-96.653345000300092,33.401263999905133],[-96.653823000150979,33.401275000107731],[-96.656486000115208,33.401331000026893],[-96.656500000358903,33.401333000130464],[-96.656589000047362,33.401338000014228],[-96.66186499974711,33.401456000037555],[-96.665291999792487,33.401532000082192],[-96.66728699993503,33.401576999672685],[-96.668391999599706,33.401601000094708],[-96.669184999993178,33.401617999795938],[-96.675552999837137,33.401759999817124],[-96.676066999673026,33.401771999628679],[-96.676581000407239,33.401782999767029],[-96.676793999944252,33.401788000374836],[-96.677005999656359,33.401793000232423],[-96.679067999746053,33.401837999687729],[-96.681002999614137,33.401882000199222],[-96.682847000143923,33.401923999848549],[-96.68759899996202,33.402030000051688],[-96.693945000064673,33.402172000149498],[-96.694940000124504,33.40219499999035],[-96.696039999766327,33.402219000241665],[-96.697324000429475,33.402248000317748],[-96.700152000250142,33.402296000034511],[-96.703292000240339,33.402374999838784],[-96.703621999953228,33.402383000156682],[-96.705213999689633,33.402423999899597],[-96.705956000029474,33.402439999775687],[-96.708183999800511,33.402490000213291],[-96.708926999965271,33.402506999740574],[-96.710707000022666,33.402546000099264],[-96.712472999836336,33.402586000102886],[-96.716049999669551,33.402664999643406],[-96.717801000312917,33.402703999931234],[-96.717830999551836,33.402706000003199],[-96.718114000307366,33.402719999755767],[-96.718273000316032,33.402728000041954],[-96.718966000252067,33.402761000089598],[-96.719220999621896,33.402774000173075],[-96.719249999934206,33.402774999833348],[-96.720600999646194,33.402796999854566],[-96.724657000053512,33.40286999974888],[-96.72469800006138,33.40287199981703],[-96.726008999590391,33.402895000222514],[-96.726044999575407,33.402895000222514],[-96.726100999651891,33.402895999881338],[-96.726155999903497,33.402897000290096],[-96.726192999713419,33.402897999948884],[-96.72640399960062,33.402900999675211],[-96.727038999810333,33.402911999670565],[-96.72725100042075,33.402917999871974],[-96.727417999927013,33.402922000006015],[-96.727489000072126,33.402922999664533],[-96.727709000180155,33.402928000206735],[-96.727884000082341,33.402930999932025],[-96.727964000448296,33.402932999998768],[-96.728070999680085,33.402935000065469],[-96.728202999924576,33.40293700013212],[-96.728442000299168,33.40294300033181],[-96.72912500018947,33.402957999704341],[-96.729153999603454,33.402959000112382],[-96.729591000344797,33.402968000034491],[-96.731177000233416,33.403000999990994],[-96.731604999855591,33.403009999908811],[-96.731861999773542,33.403014999696069],[-96.732711000243512,33.403031999870585],[-96.735149000076831,33.403081000310756],[-96.737550000100242,33.403127999911199],[-96.740640999686633,33.403190999974008],[-96.740726000075455,33.403184000135916],[-96.740794999672431,33.403177000297291],[-96.740864999992624,33.403177000297291],[-96.741561000301701,33.403173999830614],[-96.74271000034733,33.403201999932648],[-96.745039000400709,33.403260000168878],[-96.745580999825705,33.403273000177755],[-96.745698000001568,33.403275999891079],[-96.746158000309109,33.403286999838954],[-96.747879999741855,33.403332000020384],[-96.748564000355373,33.403349999786471],[-96.749639999707753,33.403379000234992],[-96.749998999732952,33.403388000113601],[-96.750212999993195,33.403399000047294],[-96.751007000211587,33.403416000146677],[-96.751402000221788,33.403424000368716],[-96.751555000382666,33.403427000076874],[-96.753368999876926,33.403466000022597],[-96.753659000305149,33.403472000185751],[-96.754023000353229,33.403481000054782],[-96.754466000044005,33.403494000030541],[-96.754829000267179,33.403504999950819],[-96.756393000414505,33.403517000271371],[-96.756723000127366,33.403524999734174],[-96.756862000044549,33.403528000188729],[-96.759606000199611,33.403593000013053],[-96.75988900005683,33.403599999818141],[-96.760265999625403,33.403608999673857],[-96.761378999685988,33.403635999985418],[-96.761493000387134,33.403663000288581],[-96.761645999649701,33.403663999938573],[-96.761817000252222,33.403668000038266],[-96.761852000412333,33.403666999638382],[-96.762121000025843,33.403663000288581],[-96.76416200019915,33.403706000226364],[-96.764813000302382,33.403717000119805],[-96.765481999948989,33.403721999866384],[-96.765618000391427,33.403719999817788],[-96.766078999625563,33.403728000011903],[-96.76748399976421,33.403753999887606],[-96.767887000170333,33.403760999679733],[-96.768327000386407,33.403770000268707],[-96.768989000360307,33.403781999802717],[-96.769052999934416,33.40379299968653],[-96.769095999592111,33.40379299968653],[-96.769144999995916,33.403794999733442],[-96.769243999730108,33.403796000131841],[-96.76931200040049,33.403789000342528],[-96.769498000173328,33.403811999755334],[-96.770028999727657,33.403841000049631],[-96.771623999837118,33.403932999858988],[-96.772156000114691,33.403964000155923],[-96.77611100023968,33.404070999765345],[-96.778699999685713,33.404142000050179],[-96.779766999715591,33.404171000234328],[-96.779796999852806,33.404171999878471],[-96.785128999629038,33.404320000329669],[-96.787977000439511,33.404398000151872],[-96.788216999740698,33.404406000283487],[-96.78844400041973,33.404411999631847],[-96.78846199996309,33.404411999631847],[-96.788660000329799,33.40441799972966],[-96.791933000389392,33.404507000007222],[-96.792458000095948,33.404521000219511],[-96.794035999588658,33.4045659997618],[-96.794562000018431,33.404581000353943],[-96.796975999562321,33.404633999975772],[-96.804218999815518,33.404795000170957],[-96.80624099972222,33.404840000321244],[-96.806464000203306,33.404845000003192],[-96.806634000082596,33.404849999684849],[-96.807679000371152,33.404877000360656],[-96.810815000163402,33.404962999763121],[-96.811734000055239,33.404987999634429],[-96.811861000276849,33.404989000019093],[-96.811948000315496,33.404989000019093],[-96.812066000316264,33.404991999673229],[-96.812210000256314,33.40499799973098],[-96.812298000119867,33.405001999769269],[-96.814727999557263,33.405054000250153],[-96.815674999936519,33.405073999676937],[-96.81627699963596,33.405089000181356],[-96.816963999724237,33.405107000333352],[-96.822070000442963,33.405236000188459],[-96.825052000249414,33.405201999948758],[-96.825444999711493,33.405218999695336],[-96.825772999774543,33.405234000174737],[-96.827911999857136,33.405332000043522],[-96.827936999971499,33.405330000032002],[-96.828645999801054,33.405362999841259],[-96.828658000394938,33.405277000084844],[-96.834004000414865,33.405504000112202],[-96.834109999821777,33.405498000089395]]]},"properties":{"NAME":"Dallas-Fort Worth-Arlington, TX Metro Area","GEOID":"19100"}}]}