{"type":"FeatureCollection","features":[{"type":"Feature","geometry":{"type":"Polygon","coordinates":[[[-79.996595999863231,26.882230000122764],[-79.998950999855879,26.889634000183463],[-79.999760999967776,26.892817000208339],[-80.005203000247178,26.911176999944381],[-80.013239999820442,26.938295000227718],[-80.014246999575832,26.941689000083574],[-80.014676999746158,26.943139000041676],[-80.01488599998352,26.943844999956902],[-80.022754000400681,26.970391999936592],[-80.074022999740606,26.970382000249543],[-80.076027999928883,26.97038100028081],[-80.076925999904333,26.97038100028081],[-80.076930000102308,26.970393999873853],[-80.079383000004228,26.970493999896028],[-80.080291999850346,26.970531000298031],[-80.080362999995444,26.97053400020026],[-80.08076300002854,26.97053400020026],[-80.08162800039203,26.97053400020026],[-80.081855000172752,26.97053400020026],[-80.082123999786276,26.97053400020026],[-80.083262999786143,26.97053400020026],[-80.083857999812892,26.970550999644736],[-80.084235000279776,26.970562000084538],[-80.08520600005015,26.970589999961838],[-80.085946999666774,26.970611000065393],[-80.086688000181709,26.97063200016504],[-80.087262000292057,26.970546999775681],[-80.087330000064128,26.970537000102425],[-80.087410000430069,26.970535000167672],[-80.08752699970762,26.970532000265443],[-80.087931999763569,26.970521999790229],[-80.088368999606558,26.970518999887695],[-80.088577999843935,26.970520999822728],[-80.088854999853382,26.970523999725224],[-80.089572000078874,26.970533000232866],[-80.089625999607222,26.97053400020026],[-80.090225999656838,26.97054099997181],[-80.090663000398166,26.970545999808401],[-80.093557000341079,26.970579000325397],[-80.093844000396246,26.97058200022634],[-80.094199000223497,26.970585000127233],[-80.094636000066487,26.970588999994927],[-80.094866000220264,26.970590999928728],[-80.094974000175284,26.970591999895614],[-80.095041999947355,26.97059299986249],[-80.095134000008869,26.970593999829379],[-80.095211000001754,26.970593999829379],[-80.095314999758841,26.970594999796216],[-80.09636599989517,26.970606000231729],[-80.096553000391239,26.970608000165225],[-80.097181999854854,26.970612999998814],[-80.097244999604044,26.970613999965483],[-80.097314000099331,26.970614999932181],[-80.097385000244444,26.970614999932181],[-80.097477000305943,26.970615999898854],[-80.097675999599261,26.970617999832172],[-80.098072000332706,26.970620999732084],[-80.098262000303507,26.970622999665299],[-80.098541999787685,26.970626000365709],[-80.098646000443054,26.970627000332303],[-80.098843000086546,26.970629000265433],[-80.098967999760021,26.970630000231964],[-80.099079999913016,26.970631000198519],[-80.099178999647208,26.97063200016504],[-80.099366000143277,26.970634000098077],[-80.099602999969747,26.970636000031078],[-80.099849000017045,26.970637999964051],[-80.100269000141608,26.970642999796304],[-80.100377999921548,26.970643999762721],[-80.100701999786637,26.970647999628326],[-80.101064000184905,26.970653000260754],[-80.101152999873364,26.970654000227121],[-80.101305000209337,26.970655000193439],[-80.101445999776331,26.970656000159728],[-80.10161400000581,26.970658000092346],[-80.101962999985261,26.970663999889986],[-80.102015999688717,26.970664999856222],[-80.102143999735233,26.970665999822437],[-80.102390999607437,26.970668999721077],[-80.102429999965509,26.970668999721077],[-80.102768000074306,26.970673000386427],[-80.103133999772197,26.970677000251015],[-80.103281000085289,26.970679000183228],[-80.10342400020042,26.970680000149351],[-80.103567000315564,26.970682000081538],[-80.103661000026889,26.970683000047586],[-80.104122000159336,26.97068899984389],[-80.104531000413246,26.970693999673877],[-80.105114999671031,26.970701000236112],[-80.105165999724662,26.970702000202021],[-80.105245000265683,26.970703000167926],[-80.106004000323964,26.970708999963161],[-80.107560000075381,26.970741999631752],[-80.107631000220493,26.970744000363464],[-80.107740999825324,26.970747000260008],[-80.108308000262994,26.970753000052888],[-80.108396000126547,26.970754000018324],[-80.108508000279542,26.970754999983789],[-80.108812999878054,26.970753000052888],[-80.108916999635142,26.970755999949201],[-80.109010000419872,26.97076299970696],[-80.1090689999711,26.970767000368976],[-80.109164000405656,26.970833999627242],[-80.109345000155628,26.970833999627242],[-80.109715999876386,26.970833999627242],[-80.110086999597158,26.970833999627242],[-80.110115000084562,26.970833999627242],[-80.11035899958371,26.970833999627242],[-80.110869000119962,26.970833999627242],[-80.11133500027529,26.970833999627242],[-80.111664000163273,26.970833999627242],[-80.113270000143373,26.970833999627242],[-80.114265000203204,26.970833999627242],[-80.115219000255166,26.970833999627242],[-80.121070999715073,26.970833999627242],[-80.121165000324709,26.970833999627242],[-80.123670000105193,26.970897999753827],[-80.124173000070428,26.970911000087813],[-80.124573999928415,26.970920999727877],[-80.124804999907113,26.970927000312077],[-80.125065000198106,26.970934000059202],[-80.125242999575022,26.970934000059202],[-80.125677999768214,26.970934000059202],[-80.126112999961407,26.970934000059202],[-80.126189000129386,26.970934000059202],[-80.126265000297352,26.970934000059202],[-80.127053999594551,26.970934000059202],[-80.129022999797826,26.970934000059202],[-80.129565000121119,26.970934000059202],[-80.131965000319624,26.970934000059202],[-80.132505000094795,26.970934000059202],[-80.132526999836102,26.970934000059202],[-80.132765000385788,26.970934000059202],[-80.133289000267439,26.970934000059202],[-80.133832000415651,26.970934000059202],[-80.134465000077228,26.970925000384245],[-80.134872999607907,26.970918999799938],[-80.135711000207223,26.9709239996197],[-80.135814000139391,26.970925000384245],[-80.136866000100639,26.970931000167646],[-80.136881999994159,26.970931000167646],[-80.137964999917543,26.970934000059202],[-80.139536999562452,26.970938999878349],[-80.139637000019889,26.970938999878349],[-80.139704999791945,26.970938999878349],[-80.13999199984714,26.970939999842134],[-80.141278999985005,26.9709419997697],[-80.141364000373827,26.9709419997697],[-80.141575000261014,26.970942999733445],[-80.14167399999522,26.970942999733445],[-80.141719000201064,26.970940999805929],[-80.141757999660811,26.970939999842134],[-80.141760000208947,26.970880000397425],[-80.141879000034635,26.970878999632482],[-80.141879999859555,26.970792000300019],[-80.141879999859555,26.970749000190999],[-80.141879999859555,26.970706000065565],[-80.141882000407676,26.97048900005716],[-80.141909999996784,26.967480999900872],[-80.141916999669462,26.966768999957011],[-80.141919000217612,26.966427999957101],[-80.141921999692343,26.966111999894757],[-80.141925000065385,26.965791999708348],[-80.141925999890304,26.965682000209892],[-80.141930000088266,26.965276000024591],[-80.141932999562997,26.964863999870563],[-80.141935999936038,26.96458800023801],[-80.141937999585863,26.964340999781577],[-80.141937999585863,26.964327000267879],[-80.141940999958919,26.96406599969286],[-80.141942999608744,26.963805000114306],[-80.141945000156866,26.963542999901431],[-80.141947999631597,26.963229999847421],[-80.141949000354828,26.963140000110887],[-80.141950000179747,26.963052000370098],[-80.141976000119016,26.960097000128702],[-80.141976999943921,26.959959999821987],[-80.141977999768841,26.95986200017828],[-80.141980000316963,26.959726999712519],[-80.141985000339844,26.959086999780624],[-80.141986999989669,26.958950999917143],[-80.14199100018763,26.95849499978911],[-80.141992999837456,26.958275000043511],[-80.141995000385592,26.95805499986831],[-80.141997000035417,26.957835000064151],[-80.141998999685228,26.957614999830348],[-80.142001000233364,26.957394999967615],[-80.142002999883189,26.957177999933286],[-80.142002999883189,26.957097000145428],[-80.142003999708109,26.956983999899251],[-80.142005000431325,26.956952000290791],[-80.142006000256245,26.956781000327315],[-80.142007000081151,26.95668200022984],[-80.142007000081151,26.956639999628369],[-80.142596000260127,26.956633999884343],[-80.143114000293977,26.956633999884343],[-80.143812000252893,26.956633999884343],[-80.143864999956335,26.956633999884343],[-80.144330000286757,26.956633999884343],[-80.144423999998082,26.956633999884343],[-80.14474899968809,26.956633999884343],[-80.145342000065028,26.956633999884343],[-80.146005999688754,26.956633999884343],[-80.146645000096441,26.956633999884343],[-80.147295000374768,26.956633999884343],[-80.147959999823399,26.956633999884343],[-80.148569999918763,26.956633999884343],[-80.149260000380082,26.956633999884343],[-80.149891000391847,26.956633999884343],[-80.150068999768763,26.956633999884343],[-80.150204000386282,26.956633999884343],[-80.150437000014776,26.956633999884343],[-80.150520999680381,26.956633999884343],[-80.151169000308883,26.956633999884343],[-80.151755000114818,26.956633999884343],[-80.151839999605315,26.956633999884343],[-80.152484000035884,26.956633999884343],[-80.153166000101251,26.956633999884343],[-80.153725999967918,26.956633999884343],[-80.153930000182413,26.956633999884343],[-80.154685999867638,26.956633999884343],[-80.15542099963649,26.956633999884343],[-80.156072999564643,26.956633999884343],[-80.156694000428971,26.956633999884343],[-80.157332000113428,26.956633999884343],[-80.158014000178824,26.956633999884343],[-80.158102000042362,26.956633999884343],[-80.158965999682621,26.956633999884343],[-80.159877999901795,26.956633999884343],[-80.163265999589115,26.956633999884343],[-80.163766000079605,26.956633999884343],[-80.165264000104685,26.956633999884343],[-80.166345000378257,26.956633999884343],[-80.166454999983117,26.956633999884343],[-80.166665000045398,26.956625999958227],[-80.166856999666024,26.9566229996855],[-80.167110000284325,26.956627000049107],[-80.167297999706989,26.956629000230851],[-80.167653000432537,26.956633999884343],[-80.167843000403323,26.956633999884343],[-80.170461999986628,26.956633999884343],[-80.173356999754432,26.956633999884343],[-80.175772999846473,26.956633999884343],[-80.176254000070386,26.956633999884343],[-80.17626599976596,26.956633999884343],[-80.177228000213844,26.956633999884343],[-80.179162000257008,26.956633999884343],[-80.182734000067342,26.956633999884343],[-80.188567000158997,26.956633999884343],[-80.190639000294425,26.95668200022984],[-80.19100199961926,26.956690000151973],[-80.192867000065462,26.956734000113929],[-80.223127000142682,26.9568669999855],[-80.227395000262106,26.95687399980584],[-80.228315999803769,26.956889000334431],[-80.228597000011177,26.956922000049065],[-80.228689000072691,26.956922000049065],[-80.228992000021393,26.95691899978425],[-80.233413000301681,26.956958000017885],[-80.234028000419926,26.95696800009615],[-80.234933999892988,26.957031000008325],[-80.235332000276244,26.957051000151008],[-80.235701000347177,26.957051000151008],[-80.237033999617509,26.956998000325626],[-80.237317000373039,26.957014000124449],[-80.237797999698671,26.957035999643981],[-80.237980000171845,26.957037999818475],[-80.246728000122815,26.957034000270159],[-80.254739999581702,26.957118999648749],[-80.255830999901008,26.957260999833426],[-80.25734900001757,26.957288999814885],[-80.257985999877121,26.957301000033592],[-80.258621999911767,26.957312000166201],[-80.259143000318659,26.957322000213043],[-80.260174000363506,26.957341000219532],[-80.261205000408353,26.957360000222813],[-80.261884000100679,26.957372999717499],[-80.262187000049408,26.9573780001387],[-80.262489999998095,26.95738399984311],[-80.262745000266236,26.957389000263792],[-80.262829999756718,26.957390000347889],[-80.26291500014554,26.957391999715398],[-80.264342000025493,26.957418000297313],[-80.266100000341581,26.957449999773413],[-80.267858999584249,26.957483000124395],[-80.275510000266436,26.957623999768263],[-80.27634399976948,26.957640000278904],[-80.277178000170807,26.957654999904818],[-80.27742699969285,26.957659000231743],[-80.277601999595021,26.957661999676148],[-80.277777000395545,26.95766600000286],[-80.284192000095146,26.957783999968111],[-80.284891999703888,26.957797000214565],[-80.28559200021094,26.957809999658849],[-80.286154999552338,26.957819999661471],[-80.286433000284987,26.957826000143054],[-80.28671100011934,26.957830999743443],[-80.287163999855863,26.957839000384677],[-80.287428000344818,26.957840999744221],[-80.290426000044789,26.957859000383916],[-80.29049399981686,26.957859000383916],[-80.290563000312162,26.957859999663153],[-80.299922000183372,26.957915000042647],[-80.300137000268535,26.95791700020148],[-80.300350999630481,26.957919000360338],[-80.302617999759562,26.957932999869836],[-80.303862000239747,26.957939999623903],[-80.305104999996701,26.957948000257428],[-80.305915000108598,26.95795299985237],[-80.306562000013884,26.957957000168726],[-80.307209999744074,26.957960999684264],[-80.309194000015992,26.95797299983138],[-80.309670000217054,26.957976000068129],[-80.310144999694884,26.957978000225918],[-80.314459999669978,26.958004999950539],[-80.314739000227547,26.958007000107781],[-80.315017999886805,26.958009000265033],[-80.316238000077547,26.95801499993587],[-80.317135000228078,26.958020000328535],[-80.318030999655392,26.95802599999876],[-80.320139999600755,26.95803900021729],[-80.320558000075508,26.958041999651584],[-80.320974999827015,26.958043999808215],[-80.323619000422994,26.958060000259206],[-80.324030000326715,26.958061999614795],[-80.324440000405531,26.958064999849189],[-80.328645999702374,26.958090000197874],[-80.329078000420822,26.958092999630821],[-80.329509000416039,26.958094999786535],[-80.329599999754336,26.958095999864373],[-80.329726999975918,26.958096999942185],[-80.32986099987022,26.958098000020037],[-80.334155999753833,26.958123999638282],[-80.334688000031406,26.958126999871009],[-80.33522100013387,26.958130000103687],[-80.336151999721281,26.958135999768032],[-80.337027000130519,26.958141000155344],[-80.337901999641446,26.958145999741738],[-80.340146000204328,26.958160000023717],[-80.340409999794971,26.958162000178248],[-80.340439999932187,26.958162000178248],[-80.340602000313893,26.958163000255478],[-80.346555000056156,26.958194000243719],[-80.346923000302183,26.958196000397638],[-80.347242999969325,26.958197999750823],[-80.347396000130203,26.958198999827733],[-80.347602999819429,26.958199999904668],[-80.3478110002319,26.958200999981567],[-80.348324000242897,26.95820400021227],[-80.348612000122969,26.958206000366012],[-80.348675999697079,26.958206000366012],[-80.355215000143573,26.958240999847963],[-80.355384000197972,26.958241999924528],[-80.355554000077291,26.958243000001044],[-80.356395999976229,26.958247000307118],[-80.356727000412349,26.9582489996594],[-80.357033999660686,26.958250999812343],[-80.358145999896394,26.958256000194574],[-80.359258999957007,26.958261999852219],[-80.360929000409541,26.958270999738442],[-80.361075999824308,26.958271999814727],[-80.361222000312495,26.958272999890987],[-80.361752999866823,26.958276000119771],[-80.361926999944103,26.958277000195995],[-80.362101000021369,26.958278000272216],[-80.364235000081081,26.95828900030946],[-80.364249000324776,26.958287000157192],[-80.364717000129929,26.958293999889278],[-80.364818000412271,26.958294999965347],[-80.364980999720572,26.958297000117476],[-80.36531899982937,26.958300000345595],[-80.365899999612424,26.958306000000938],[-80.366479999570558,26.958311000380689],[-80.370766000131653,26.958351000208015],[-80.371127999631597,26.958353999634014],[-80.371490999854757,26.958357999936119],[-80.371686999673315,26.958361000162636],[-80.37189199971273,26.958362000238111],[-80.372097999577065,26.958363000313593],[-80.373075999918456,26.958372000191737],[-80.373296999851405,26.958374000342506],[-80.373516999959435,26.958376999767893],[-80.374522999889905,26.958385999644918],[-80.37483900025741,26.958385999644918],[-80.37499900009098,26.958385999644918],[-80.375040000098849,26.958385999644918],[-80.376265000312458,26.958385999644918],[-80.376681000239074,26.958385999644918],[-80.379554000265586,26.958386999720197],[-80.38469000022323,26.958382000144489],[-80.388168000322239,26.958378999918558],[-80.417597000371146,26.957740999696526],[-80.43064299968043,26.957791999811992],[-80.434324999993947,26.957860999743094],[-80.43445700023841,26.957862999902943],[-80.434766999859832,26.957867000222475],[-80.435350000191008,26.957856000144062],[-80.436295999847033,26.957822999902326],[-80.437173999730987,26.957811999819576],[-80.437469000182105,26.957833999983968],[-80.437813000138689,26.957806000137964],[-80.439888999573753,26.957750999705294],[-80.440871999938039,26.957757000190554],[-80.443697000283962,26.957707000140523],[-80.443695999560745,26.957674999936714],[-80.443786999797339,26.957674999936714],[-80.450118999656283,26.957872999900868],[-80.458526999848601,26.957891999814407],[-80.482404999838167,26.95794700017824],[-80.482666999778985,26.957861999823006],[-80.483214000125159,26.95787099974121],[-80.499775000241698,26.958154999637262],[-80.514269000245662,26.958114999740332],[-80.530221999916677,26.958071000317709],[-80.5319009996917,26.958067000005386],[-80.561425000175177,26.957987000134825],[-80.561493999772168,26.957987000134825],[-80.56417400035312,26.957979000304785],[-80.577546999900576,26.957941999782328],[-80.577577000037792,26.957941999782328],[-80.58023699962898,26.957933999949098],[-80.580424000125049,26.957933999949098],[-80.596893000180074,26.95788900037612],[-80.596976000020746,26.95788900037612],[-80.6009090004044,26.957879000379606],[-80.601224000048674,26.957878000299846],[-80.608006999994316,26.957859999663153],[-80.608365000194624,26.957859000383916],[-80.60964099956351,26.957848000304715],[-80.609813999815884,26.9578550000641],[-80.611025999610689,26.957851999824097],[-80.611208999908797,26.957850999744096],[-80.61142399999396,26.957849999664056],[-80.611624000010508,26.957849000384741],[-80.613759999720045,26.95784399998448],[-80.618062999999552,26.957832999903804],[-80.624778000173151,26.957816000140955],[-80.629659999687576,26.957776000123658],[-80.6447899997262,26.957933999949098],[-80.659919999764782,26.958092999630821],[-80.660779000280513,26.958102000331266],[-80.661638999722811,26.958111000230261],[-80.674936999825505,26.958249999735877],[-80.681035000231006,26.958313999807743],[-80.688227000430587,26.958388999870696],[-80.688248000346988,26.958388999870696],[-80.694160999906259,26.958450999714231],[-80.700086000059414,26.958513000324317],[-80.706448000055587,26.958579999666725],[-80.712810000051761,26.958645999697051],[-80.731295999990635,26.958840000071749],[-80.749781000104591,26.959033000042883],[-80.87478400003603,26.959016999730093],[-80.885639000282524,26.958919000066729],[-80.886052999661004,26.949235000199682],[-80.885995999759587,26.919922000282625],[-80.885808000336922,26.898331000029398],[-80.885895000375555,26.867423000241974],[-80.885821999682307,26.829231999967661],[-80.885779999849518,26.807582000265072],[-80.885888999629458,26.769181000376751],[-80.885901000223342,26.766981000027769],[-80.885897000025381,26.766728999929168],[-80.885900000398436,26.765548000280173],[-80.885922000139743,26.758940000140221],[-80.885924999614474,26.758010999676166],[-80.885962000322706,26.746244999816636],[-80.885964999797451,26.7453330002994],[-80.885968999995399,26.744763999653166],[-80.885970999645224,26.7442879996137],[-80.88597200036844,26.743697000046033],[-80.885968000170493,26.743498999670859],[-80.885962000322706,26.741159000044522],[-80.885953999926798,26.738636000153765],[-80.885953999926798,26.738483000049715],[-80.885937000208344,26.732745999839288],[-80.885912999918915,26.725481000391689],[-80.885902999873167,26.718220999836028],[-80.885900000398436,26.711146000359296],[-80.8858979998503,26.711099999867233],[-80.885896000200475,26.711036000372779],[-80.885892000002514,26.710710000007506],[-80.885855000192592,26.703607999827561],[-80.88581800038267,26.696057999760278],[-80.885832999552974,26.689247000264995],[-80.885831999728055,26.689042000339782],[-80.88585199981955,26.682006000254571],[-80.885850000169725,26.681818999738812],[-80.885871999911032,26.667567000207441],[-80.885872999735952,26.667436999974441],[-80.885876000108993,26.667129999848907],[-80.885895000375555,26.665573999974555],[-80.885918999766702,26.663519999768134],[-80.886025999896816,26.654627000076633],[-80.886014000201243,26.652886999627302],[-80.886014000201243,26.652847999854568],[-80.886014000201243,26.652796000136874],[-80.886013000376337,26.652733999948417],[-80.886013000376337,26.652695999686774],[-80.886000999782468,26.651268000081114],[-80.885965999622343,26.646986999718166],[-80.885954999751689,26.645559999790564],[-80.885954999751689,26.645544000155578],[-80.885954999751689,26.645497999687116],[-80.885954999751689,26.645482999669969],[-80.885943999881064,26.644056999856272],[-80.88591100026909,26.639780000045867],[-80.885907999896048,26.639257000256059],[-80.885901000223342,26.638355000175178],[-80.885901000223342,26.638324999868466],[-80.885901000223342,26.638275999832384],[-80.885901000223342,26.638236000197022],[-80.885901000223342,26.63820700035226],[-80.885898999675206,26.63789599992052],[-80.885870000261193,26.631148000262122],[-80.885866999888151,26.630895000097809],[-80.885835000101096,26.623854000275941],[-80.885801999590825,26.616610000186636],[-80.885803000314041,26.616452999778602],[-80.88577200035192,26.609242000349532],[-80.885765999605823,26.609063999814396],[-80.885564999764355,26.594015999723368],[-80.885000999699756,26.565274000084553],[-80.884998000225025,26.565037999641117],[-80.884277999626491,26.528245999819411],[-80.884157999975884,26.522232999681059],[-80.884152999953002,26.521969000226267],[-80.883706000064251,26.499992000172576],[-80.883675000102116,26.49864499967056],[-80.883551000253561,26.493335000321821],[-80.88315000039556,26.478334000321549],[-80.883172999961772,26.478289999992761],[-80.883146000197598,26.478154000185882],[-80.882974999595078,26.464926000367413],[-80.883087999572979,26.462269999961315],[-80.883109000387691,26.447521999824186],[-80.88310799966446,26.447483000114847],[-80.882783999799372,26.436056999863556],[-80.882690999912938,26.432777000253932],[-80.882685000065166,26.432570999717424],[-80.882669000171632,26.432010000306395],[-80.882485999873523,26.425557000377239],[-80.882281999659028,26.418358999614043],[-80.882074999969802,26.411058000304287],[-80.881868000280562,26.403769999963533],[-80.881808000006103,26.401662000163103],[-80.881659999868106,26.396447999655571],[-80.881483000316095,26.390197999632793],[-80.881464000049519,26.389229000106933],[-80.881317999561332,26.381886999976992],[-80.881301999667812,26.381097999864856],[-80.881188999689911,26.375355999851948],[-80.880633000021206,26.361452999654066],[-80.880326999699463,26.353813000106562],[-80.880036000344646,26.346540999838581],[-80.88001700007807,26.346059000340642],[-80.881272000428908,26.346101999794545],[-80.88135699991939,26.346105000055413],[-80.881822000249798,26.346122000190363],[-80.881915000136232,26.346124999645671],[-80.881912999588096,26.345805999972541],[-80.881900999892522,26.344106000059593],[-80.881849999838892,26.336376000280943],[-80.881833000120452,26.333800000161066],[-80.881712999571533,26.333801000086009],[-80.881366999965138,26.333804999785528],[-80.881352999721429,26.333804999785528],[-80.881284999949358,26.333805999710417],[-80.881232000245944,26.331460999995031],[-80.881226000398144,26.331155000282475],[-80.881218999827141,26.330789000306002],[-80.881226000398144,26.330142999613876],[-80.881223000025102,26.329996000279035],[-80.881221000375277,26.329880000288757],[-80.881218000002207,26.329770999900461],[-80.881214999629179,26.329646000037989],[-80.881214999629179,26.32955800023419],[-80.881216000352396,26.32941200011938],[-80.881214999629179,26.329351999919556],[-80.881212999979354,26.329172999903555],[-80.881212999979354,26.329114000350419],[-80.881043999924955,26.317749000273],[-80.881058999993556,26.317411000048914],[-80.881062000366626,26.317348999938876],[-80.881060999643381,26.317319999603288],[-80.881059999818476,26.317281000195631],[-80.880633000021206,26.298950999756439],[-80.880385000324083,26.288300999918736],[-80.880381000126121,26.28822499991664],[-80.880139000276799,26.277746000169],[-80.87998600011592,26.270268000306935],[-80.879715999779179,26.259527000263166],[-80.879714999954274,26.25947400007902],[-80.879709999931407,26.259308000242452],[-80.879556999770529,26.235746999636078],[-80.879557999595434,26.232952000326517],[-80.879557999595434,26.232867999633029],[-80.879550000097822,26.230618000031498],[-80.879549000272917,26.230385000169349],[-80.879538000402263,26.227531999672436],[-80.879536999679033,26.22725500003498],[-80.879529000181435,26.225037000023423],[-80.87952800035653,26.224886000217161],[-80.879524000158568,26.223956999775051],[-80.879521999610432,26.223218000185554],[-80.879479999777644,26.212083999734581],[-80.879478000127804,26.211749000154747],[-80.879468000082056,26.208932000168886],[-80.879458999861242,26.206524000068555],[-80.879458000036323,26.206283000176683],[-80.879422999876226,26.196711000319016],[-80.879418999678265,26.195783000153],[-80.879384000416479,26.186216000093648],[-80.879381999868329,26.185721999692571],[-80.879360999951928,26.18005499989096],[-80.879266000415697,26.176417000228867],[-80.879252000171988,26.175891999877855],[-80.879186999874676,26.173422999665391],[-80.879181999851795,26.173265000349552],[-80.879179000377064,26.173146999965624],[-80.879174000354212,26.173075999738572],[-80.879165999958275,26.172878999620174],[-80.879159000285583,26.172768999667053],[-80.879146999691699,26.172544000135947],[-80.879109999881777,26.171854000102353],[-80.878950999873126,26.168352999650804],[-80.877939999919761,26.1419789996155],[-80.877932000422163,26.141748999734496],[-80.877908999957612,26.141160000076901],[-80.877902000284934,26.140971999835759],[-80.877888000041224,26.140643999668207],[-80.877877999995476,26.140333999788812],[-80.876621999819747,26.107383000105109],[-80.876499999621004,26.104364999679742],[-80.874880000295505,26.062129000126259],[-80.872559999564629,26.001473999782831],[-80.872558999739709,25.999680000366926],[-80.872553999716857,25.999493000117557],[-80.872557999914818,25.998539999649935],[-80.872969999643459,25.992943999975903],[-80.872967000168728,25.991277000169521],[-80.872966000343808,25.991048000147281],[-80.872964999620592,25.990362999920535],[-80.872964999620592,25.990135000185347],[-80.872957999947886,25.987993999694496],[-80.872932000008632,25.979433999968919],[-80.872957000122994,25.972365999854489],[-80.872992000283091,25.950546000157868],[-80.873267999569293,25.933724000366574],[-80.873316000148193,25.932231999932608],[-80.873455000065363,25.920508000280666],[-80.873599999830319,25.908301000197909],[-80.873510000316941,25.875374000297949],[-80.873556000347691,25.868317000128577],[-80.873580999563742,25.862415999842327],[-80.873572000241239,25.86192700018972],[-80.873559999647341,25.861240000190996],[-80.873388000118211,25.851696999840936],[-80.873410999684424,25.851575999962474],[-80.873357999980982,25.850054999709268],[-80.873290000208911,25.84629399996459],[-80.873265000094563,25.844976000062555],[-80.873244000178161,25.843835000278712],[-80.873239999980214,25.842077999990668],[-80.873166000360357,25.814454000036271],[-80.873192000299625,25.811364000221669],[-80.873187000276758,25.806160999894438],[-80.873122999804352,25.805764000282462],[-80.873100000238125,25.805606000062774],[-80.87309600004015,25.805377000138201],[-80.873101000063031,25.805127999753299],[-80.873159999614259,25.776862999966681],[-80.873176000406104,25.771037000057596],[-80.873176000406104,25.770995000067838],[-80.873149999568525,25.766233999660642],[-80.873127000002313,25.761381000012928],[-80.873125000352474,25.760884999980931],[-80.873123999629243,25.760865999749299],[-80.873122999804352,25.760517000105807],[-80.873081999796455,25.76045800008789],[-80.873080000146629,25.760197000342512],[-80.873009000001517,25.750380000227629],[-80.873064000253123,25.73495000008867],[-80.873087999644241,25.714146000364707],[-80.873111999933684,25.693217999778717],[-80.873117999781471,25.689352999981889],[-80.873123999629243,25.685453999953012],[-80.873127999827204,25.683091000059044],[-80.8731479999187,25.668804000270725],[-80.873152999941553,25.666180000170939],[-80.873154999591392,25.665228000091705],[-80.873168999835102,25.662509000306418],[-80.873244000178161,25.64819400006953],[-80.873270000117429,25.62538500000905],[-80.873205999645009,25.624683999645171],[-80.873094000390338,25.623461000007282],[-80.873110000283859,25.620763999611771],[-80.873145000443955,25.615045999827196],[-80.873209000018079,25.604364000187616],[-80.873234000132427,25.584295999882244],[-80.873372000224677,25.559747000006659],[-80.873323999645791,25.546535999719634],[-80.873315000323274,25.544079999674352],[-80.873306000102446,25.541624999754337],[-80.873200999622142,25.512468000224079],[-80.873162000162395,25.500434999765041],[-80.873162000162395,25.500381000258447],[-80.873244000178161,25.496320999727246],[-80.873490000225459,25.484089999706136],[-80.873490000225459,25.46553799995716],[-80.873490000225459,25.465439999687582],[-80.873490000225459,25.45981099992612],[-80.873490000225459,25.459794999804661],[-80.873489000400539,25.459666000319096],[-80.873458000438404,25.452166999966057],[-80.873454000240443,25.451223999904126],[-80.873408000209693,25.440026999603703],[-80.873389999768023,25.435891999612238],[-80.873389999768023,25.433416000047114],[-80.873389999768023,25.433358999632233],[-80.873390999592942,25.425373000299487],[-80.873390999592942,25.425309000157419],[-80.873390999592942,25.417892999736303],[-80.873291000033817,25.39909300033538],[-80.873219000063813,25.387336999786015],[-80.873197000322492,25.38368500007444],[-80.873195999599275,25.383525999830589],[-80.873190999576394,25.382693999673144],[-80.87320999984297,25.379823999731055],[-80.873239999980214,25.375393999969152],[-80.873213000216026,25.369034999924391],[-80.873213000216026,25.368946999923562],[-80.873189999751503,25.36399299961154],[-80.871951000192496,25.364012999625537],[-80.8719160000324,25.364013999666721],[-80.862190999564959,25.364192999602597],[-80.862090000180928,25.301096000309542],[-80.862040999777122,25.284447000200341],[-80.862040999777122,25.284183999754408],[-80.862031999556308,25.281138999682533],[-80.862031999556308,25.281031999944343],[-80.862024999883602,25.278903999980241],[-80.862024000058696,25.278474999951431],[-80.861998999944333,25.269973999764275],[-80.861998999944333,25.269889000069629],[-80.861977000203026,25.262485999723864],[-80.861977000203026,25.262406000000361],[-80.861973000005079,25.261009000200769],[-80.861968999807118,25.259611999764306],[-80.86195899976137,25.258502000140947],[-80.861963999784237,25.257381999840284],[-80.861966000332359,25.256148000014569],[-80.861953999738489,25.254898000199216],[-80.861953999738489,25.254813999829619],[-80.861947999890717,25.252710999702135],[-80.861947999890717,25.252667999838909],[-80.861946000240891,25.251925999763749],[-80.861945000415972,25.251794999796591],[-80.861942999867836,25.251069000220905],[-80.861941000218025,25.250397999807809],[-80.861947000065797,25.249516999934258],[-80.861947999890717,25.249366000364077],[-80.861969999632009,25.245943000325887],[-80.861991000446722,25.242897999784745],[-80.861890999989299,25.242996999623077],[-80.861450999773254,25.24299799985085],[-80.860984999617941,25.242999000078594],[-80.857988999567766,25.243000000306349],[-80.858099999895856,25.213081999743896],[-80.858104000093817,25.212110000158628],[-80.858106999568548,25.211138000124379],[-80.858166000018088,25.201261999987775],[-80.858220000444774,25.19230100007843],[-80.858220000444774,25.192146999876392],[-80.858196999980237,25.185620000312859],[-80.858166999843007,25.176606999661796],[-80.857724999977137,25.176613000237996],[-80.8548019997219,25.176721999949851],[-80.8535410004216,25.176883999803955],[-80.851675999975413,25.17732000034907],[-80.851458000415519,25.177323000213196],[-80.850357000050465,25.177341000209186],[-80.846406999948357,25.177066000206228],[-80.84622799984821,25.176897000074],[-80.845929999922376,25.176606999661796],[-80.84529800008572,25.176353999621714],[-80.841794999872349,25.176261999772578],[-80.840294000372552,25.175738999911665],[-80.839753999699056,25.175550000182486],[-80.838216000389323,25.174792000010459],[-80.836829999618942,25.173943999993611],[-80.83658500029486,25.173828000353318],[-80.834749999985888,25.172942999674266],[-80.834209000385812,25.172682000217733],[-80.833924999805376,25.172423000192232],[-80.83335200041823,25.171901000119892],[-80.832713999835462,25.171155000086802],[-80.832646999888311,25.171073999631943],[-80.832076000151019,25.170265000266255],[-80.831739999692033,25.16978999986809],[-80.831116000251271,25.169179999672199],[-80.830024999931965,25.168113999755235],[-80.829270999896551,25.167035999807229],[-80.828741000167142,25.166119999608551],[-80.828247000422735,25.163696000018493],[-80.827557999786322,25.162632000283729],[-80.827331999830534,25.162402999927021],[-80.827181000217792,25.162036000365326],[-80.827163999601041,25.160905999785104],[-80.827004999592361,25.160728000015752],[-80.826525999916583,25.160500000242401],[-80.825739000269209,25.160547999802187],[-80.824483000093466,25.161116999750774],[-80.821357000346964,25.162860000137169],[-80.816849999852934,25.164280000029237],[-80.816366000154261,25.164447999703729],[-80.81627099971972,25.164486000362675],[-80.816192999901901,25.16450699999427],[-80.814162999599262,25.165417999851453],[-80.812004000323512,25.166733999830985],[-80.810390999772395,25.16785499978225],[-80.809962000325314,25.168290000069636],[-80.80955899991919,25.169048000017188],[-80.809255000145569,25.170401000275696],[-80.809255000145569,25.172192000342459],[-80.809656999828462,25.173313999693814],[-80.810004000158116,25.17398500007836],[-80.810085000348948,25.174139999639639],[-80.810216999695115,25.174261999674993],[-80.810411999688782,25.17443900003564],[-80.810425000107571,25.174489999733588],[-80.810436999803144,25.174576000243974],[-80.811394000228148,25.175423999929272],[-80.811737000359827,25.175549000213255],[-80.812271000287197,25.175740999847005],[-80.813033999645128,25.17606700025155],[-80.813071000353375,25.176347999845767],[-80.813083000048934,25.176481999649788],[-80.812881000382561,25.17707699973047],[-80.813031999995289,25.178340000290511],[-80.813232999836771,25.17873099982042],[-80.813334000119099,25.179144000024131],[-80.813333000294179,25.180037999785462],[-80.813517000417193,25.180419000266035],[-80.813585000189263,25.1805639996815],[-80.813597999709742,25.180732999606676],[-80.813633999694744,25.18112999994247],[-80.813684999748375,25.181735000092505],[-80.814217000025948,25.182295000309125],[-80.814384000430508,25.182460999722043],[-80.814521999624461,25.182604000136894],[-80.814416000217577,25.182742999930184],[-80.813560000074915,25.182973000199087],[-80.813522000440074,25.182812000219037],[-80.813483000082016,25.182673999602301],[-80.81335400021058,25.182549000122275],[-80.813307000354925,25.18249799973178],[-80.813232000011851,25.182514999864299],[-80.813005000231115,25.182583000370734],[-80.812930999712975,25.182691999620896],[-80.812841000199597,25.182821000218475],[-80.812601000000086,25.183134999873417],[-80.812298000051371,25.183295000333921],[-80.811768000321962,25.183429999720747],[-80.81154599966581,25.183475000296031],[-80.810478999635933,25.183729999990447],[-80.810003000333197,25.183844000159418],[-80.809575999637616,25.183865999609267],[-80.809405999758312,25.183690999737021],[-80.809387000390046,25.183535000224325],[-80.809373999971257,25.183361999687005],[-80.809394000062724,25.183349000106595],[-80.809809999989341,25.1830530001555],[-80.809831999730648,25.183044000173172],[-80.8098850003324,25.182958999855789],[-80.810064000432547,25.182691999620896],[-80.810559000001874,25.181962999991896],[-80.811037999677694,25.181482000129112],[-80.811821000025418,25.180884999752895],[-80.81204699998122,25.180586999651428],[-80.811947000422109,25.18001299984671],[-80.81168399975806,25.179950000010855],[-80.811489999589284,25.179904999759707],[-80.811468999672897,25.179900000092108],[-80.808593999996575,25.181274000215602],[-80.808368000040758,25.18154899966607],[-80.808166000374399,25.182009000212261],[-80.808140000435117,25.183063000044729],[-80.808593000171655,25.18379799981885],[-80.808568000057292,25.184050999851262],[-80.808188999940626,25.184210000023757],[-80.80763499992176,25.184026999822532],[-80.806701999786185,25.18400299978908],[-80.805542999694822,25.183543000266745],[-80.803779000429287,25.182395999699725],[-80.802921999563395,25.182003999818019],[-80.801687000202378,25.181706999932818],[-80.799241999798028,25.181567999770724],[-80.797855999925943,25.181223000104463],[-80.796218000158774,25.180420000195305],[-80.795940000324435,25.180213999957054],[-80.795285000023227,25.179456000336629],[-80.794279000092743,25.176907999613498],[-80.79400200008331,25.176564999685066],[-80.793900999800982,25.176243999617245],[-80.794305000032011,25.175854000205685],[-80.794809999647072,25.175006000259835],[-80.795137999710136,25.173996999862602],[-80.79534000027482,25.172665000339673],[-80.795745000330768,25.171518999840565],[-80.797132000027773,25.16904199988166],[-80.797409999862097,25.168241000275529],[-80.797587000312433,25.167161999786138],[-80.797763999864429,25.166588000182735],[-80.798293999593866,25.165717999734831],[-80.799276999958124,25.164867999910115],[-80.799404000179734,25.164409999846004],[-80.799907999969903,25.16374399994665],[-80.800088999719847,25.163305000238797],[-80.800134999750597,25.163193999773437],[-80.800282999888609,25.161509000124536],[-80.80028799991149,25.16145100009474],[-80.800533999958773,25.160778999756982],[-80.800636000066035,25.1604869998502],[-80.800893999808892,25.158881999764034],[-80.801123000137764,25.156610999883497],[-80.801576999699193,25.155096000191328],[-80.802545999819756,25.152907000298164],[-80.802560999888371,25.152870999595017],[-80.802586999827653,25.152323999665882],[-80.802546999644676,25.152272000295667],[-80.801907000310393,25.151428999830198],[-80.801448999652678,25.150620999623577],[-80.801151999551763,25.150098000386418],[-80.800764000112551,25.148858999698309],[-80.800698999815239,25.148652999810839],[-80.800657999807342,25.148289000122837],[-80.800548000202483,25.147319999776638],[-80.800675000424093,25.146128000303406],[-80.800978000372808,25.144821000401645],[-80.801055000365693,25.143559000184396],[-80.800525999562865,25.142985000122348],[-80.80027399966778,25.143054000137937],[-80.800081000222264,25.143182000146076],[-80.799887999878408,25.143329999810312],[-80.799733999892624,25.143553999839899],[-80.79888699997079,25.144728000126644],[-80.798246999738183,25.146094999859031],[-80.79795300001031,25.146722999663211],[-80.797932999918842,25.147008000187881],[-80.797901999956707,25.147457000360518],[-80.798052999569435,25.148168000321206],[-80.798128999737415,25.148215999853662],[-80.798404000097037,25.1507380003682],[-80.798579999824128,25.151770000200973],[-80.798539999641164,25.152803000406248],[-80.798400999723995,25.156356999696101],[-80.798046999721663,25.157963999893351],[-80.797290000211504,25.159798999945835],[-80.796885999980475,25.160554999634762],[-80.795801000407266,25.162113000001572],[-80.794640999592673,25.163168000374995],[-80.793607000073095,25.163925000386612],[-80.792422000042478,25.16445199994482],[-80.791488999906903,25.164610999665204],[-80.790179000202812,25.164704000233961],[-80.788414000214033,25.164448999764023],[-80.787230000008307,25.164427000061966],[-80.785137999781398,25.165045000086522],[-80.78221299987635,25.165273000307263],[-80.782002999814068,25.16521499962824],[-80.780222999756674,25.164719000292834],[-80.778056999909921,25.162538999761104],[-80.776923999757813,25.160726999924965],[-80.776572000303631,25.159762000364541],[-80.775844000207485,25.156642999799161],[-80.775641999642801,25.156229999810684],[-80.77447599987876,25.154714000126067],[-80.774106999807813,25.154234000238656],[-80.773351999947494,25.152534999838362],[-80.773305000091824,25.152396999917141],[-80.772950000264586,25.151364999694962],[-80.772900000035861,25.150861000404522],[-80.772749000423133,25.150586000046246],[-80.772623000026428,25.149826999842539],[-80.772573999622651,25.148290999695174],[-80.772903000408917,25.146364000140974],[-80.773535000245602,25.144300999755846],[-80.774166000257352,25.143360999722713],[-80.775527999840008,25.141617999716829],[-80.777322000141083,25.139889999893654],[-80.778050000237229,25.139187999663072],[-80.778403000414642,25.138636999942424],[-80.778404000239561,25.138155999982214],[-80.778267999797109,25.138001000238884],[-80.778017999551864,25.137703999729798],[-80.777665000272748,25.137589000064271],[-80.777092999812226,25.137419999722823],[-80.77666500019005,25.137489999911885],[-80.775795999628599,25.137904999627619],[-80.773690999881197,25.138909999846192],[-80.77263200024727,25.139872000063285],[-80.771472000331002,25.140443999610103],[-80.77124399982705,25.140767000071147],[-80.77116799965907,25.141225000246834],[-80.771067000275039,25.141384000147553],[-80.771068000099945,25.141591999786826],[-80.770587999700922,25.143037000196635],[-80.769604000410055,25.144801000042445],[-80.769076000330458,25.146558999989828],[-80.768996999789437,25.146821000255386],[-80.768867999918001,25.148875999641941],[-80.768792999574941,25.150078000078778],[-80.76889300003235,25.150375999931935],[-80.769002999637209,25.150508999639722],[-80.769119999813086,25.150649999776917],[-80.770151999682838,25.151523000044225],[-80.770353000422588,25.152166999701567],[-80.770528000324788,25.153932999610145],[-80.771031000290023,25.154943000281115],[-80.771388999591991,25.155282999640356],[-80.7721900003814,25.156044000316115],[-80.772366000108491,25.156502000082334],[-80.772464999842697,25.158566000032025],[-80.772288000290672,25.159485000351971],[-80.772212000122693,25.159530000009351],[-80.772186000183439,25.159804999723043],[-80.771884000059643,25.160287999928112],[-80.771651000431149,25.160492999593565],[-80.771203999644086,25.160885999623005],[-80.771102000435135,25.160975000237904],[-80.770550000066095,25.161184999997179],[-80.770319999912317,25.161272000221306],[-80.768354000082098,25.161523999763297],[-80.766991999601146,25.162095000196558],[-80.765999000089437,25.162272000332077],[-80.765958999906488,25.162279000065713],[-80.764906999945225,25.162076000309138],[-80.763732999785248,25.161849999966414],[-80.763690999952473,25.161842000126491],[-80.76198000039038,25.161816999708645],[-80.761900999849345,25.161815000357979],[-80.761022999965377,25.161583999925973],[-80.759369000304687,25.160891000070364],[-80.757462999850603,25.16040099997273],[-80.7563849999501,25.159894000313628],[-80.755384000042469,25.159157000125465],[-80.755075000245995,25.158482999940912],[-80.75494999967421,25.156511999710084],[-80.755102000010169,25.155732000264859],[-80.75565799967886,25.154127000229963],[-80.756314999629893,25.152981999696113],[-80.756314999629893,25.152705999895474],[-80.755810999839724,25.152406999881315],[-80.755282999760141,25.151948000030284],[-80.754953999872157,25.151555999834034],[-80.754558000037036,25.151350999787944],[-80.753561000327394,25.151720000110856],[-80.752707999659449,25.151899000176257],[-80.75233299974073,25.151830999632672],[-80.751453000206936,25.151392000149965],[-80.74990699960297,25.14963200033614],[-80.749783999579321,25.149492000018792],[-80.749052000183539,25.14880399991241],[-80.748748000409918,25.148092000209765],[-80.747663999763304,25.147038999979401],[-80.746150999669609,25.146419000213289],[-80.745747000336891,25.146051999734819],[-80.744637999575943,25.144492999789364],[-80.744158000075217,25.143645999965347],[-80.7435520001778,25.142979999754338],[-80.742930000386892,25.142654000365596],[-80.742310000245766,25.142525000377045],[-80.741530000271098,25.142426000160988],[-80.740567999823227,25.142477999660205],[-80.740397999943923,25.142519999990206],[-80.739807999940027,25.142667000218196],[-80.739049999706666,25.143064000054441],[-80.738139000210722,25.143207999737442],[-80.737165000067293,25.143416000334959],[-80.736800000194307,25.143490999873148],[-80.734909999633757,25.143651999723637],[-80.73412800000925,25.143399999863703],[-80.731935000398295,25.143034999725039],[-80.730624999795907,25.143059999925285],[-80.729792999942674,25.143381000317849],[-80.728357999666784,25.144506999669883],[-80.727728000378249,25.144897000110301],[-80.726392999661485,25.145172000276471],[-80.726201000040859,25.145176999741484],[-80.722059000318126,25.145288999739396],[-80.721953999837822,25.145337000404041],[-80.72155499962966,25.145495999828061],[-80.721398000169131,25.145672000248005],[-80.721327999848953,25.14574999985399],[-80.721287999665975,25.1459920000657],[-80.721249000206214,25.146213999669953],[-80.721446999674626,25.146525000267967],[-80.721505000299246,25.146758999740541],[-80.722362000266827,25.147514999724471],[-80.723119999601892,25.14804200023902],[-80.726370999920178,25.149821000387817],[-80.72703600026712,25.149956000245506],[-80.728022999931042,25.150043000345704],[-80.728571000102136,25.150275000038668],[-80.729017000165953,25.1507420002457],[-80.729043999930127,25.150786999875265],[-80.729623999888275,25.15177699972406],[-80.730280000014389,25.152465000145316],[-80.730986000369228,25.152922000181444],[-80.731414999816323,25.15301299959642],[-80.734061000062098,25.152415000339957],[-80.736202999619422,25.152116999774105],[-80.736908000149342,25.151795000238337],[-80.737940000019094,25.150990999885053],[-80.738468999923612,25.150807000066699],[-80.738947999599418,25.150875000367748],[-80.739427000173521,25.15108099975707],[-80.739590000380147,25.151213000153991],[-80.741470999821544,25.152730999741113],[-80.74303400014395,25.153395000108432],[-80.743738999775559,25.153899999650076],[-80.744016999609926,25.154336000250762],[-80.744269000403307,25.155341000163506],[-80.744321000281843,25.155550999864207],[-80.744522999948188,25.155939999845618],[-80.745562000388972,25.157018999602489],[-80.747196999783085,25.158714999848105],[-80.74739900034777,25.159196000096969],[-80.747474999617424,25.160159999974159],[-80.747252000034663,25.162888999820524],[-80.74727399977597,25.164464999914411],[-80.747278999798851,25.164815000138027],[-80.745918000041129,25.165391000061543],[-80.745439000365323,25.16532199966786],[-80.742964999648677,25.164186999950221],[-80.742869000287513,25.164130999693569],[-80.742793000119534,25.164123000003261],[-80.742438000292296,25.164016999788561],[-80.741963999741046,25.16352399984979],[-80.741731999937457,25.163284000400211],[-80.741074999986424,25.162366000322574],[-80.740470999738847,25.16211500016043],[-80.739816000335949,25.161958999867405],[-80.739310999822578,25.161838999881486],[-80.738832000146772,25.161609999662037],[-80.738150999906281,25.160993000208233],[-80.737923000300654,25.160441999732786],[-80.737822000018326,25.159454999758083],[-80.737519000069625,25.159181000171934],[-80.73726700017454,25.159065000310083],[-80.736990000165108,25.15915800022913],[-80.735681000285922,25.160581999682158],[-80.735176999597442,25.160833999836598],[-80.734194000131509,25.160971999971594],[-80.732782000320157,25.160561000187862],[-80.730690000093219,25.159645000142433],[-80.730186000303064,25.159622000287108],[-80.729907999570401,25.159759000068384],[-80.729531000001856,25.160196000152652],[-80.729406000328396,25.16216900037173],[-80.72918000037258,25.163133000331726],[-80.729255999642234,25.163614000233036],[-80.729634999758929,25.164598999770227],[-80.729987999936341,25.165127999777599],[-80.730593999833744,25.165517000114061],[-80.73102300017915,25.166021999882847],[-80.731300000188583,25.166525999956239],[-80.731981000429059,25.167191000072592],[-80.732031999584379,25.167351000323521],[-80.731704000419626,25.167443000393042],[-80.730266999595599,25.167098999812975],[-80.728755000225135,25.167030999611772],[-80.727898000257554,25.166733999830985],[-80.726486000446201,25.16606999970854],[-80.725527000371386,25.165771999976933],[-80.724947000413252,25.165290000402926],[-80.72477099978785,25.164853999926535],[-80.724417999610424,25.164236999809177],[-80.724088999722454,25.163410000190449],[-80.723609000221742,25.162401999849962],[-80.723080000317239,25.161552999764304],[-80.722952000270709,25.160543000153822],[-80.722800999759656,25.159946999784847],[-80.723001999601109,25.159328999947679],[-80.72375800018466,25.158824000111274],[-80.724764999940064,25.157675000100447],[-80.725924000031412,25.156665000092037],[-80.726325999714334,25.155955000169126],[-80.726401000057393,25.155196000023675],[-80.726576999784484,25.15462300035346],[-80.727257000200069,25.153728000304959],[-80.727331999644818,25.153177000354397],[-80.727256000375149,25.153131999979941],[-80.727206000146424,25.152879000023226],[-80.727030000419333,25.152719000303719],[-80.726893000151989,25.15266799963247],[-80.726726999572321,25.152605000304412],[-80.726171999728535,25.152559000374406],[-80.725617999709669,25.15271999964704],[-80.724877999917965,25.153216999950523],[-80.723703999757973,25.154005999711931],[-80.722796999561695,25.154441999933837],[-80.721613000254294,25.154855999608845],[-80.719571000256082,25.155179000147395],[-80.718714000288514,25.15554600001105],[-80.717883000260215,25.155660999834236],[-80.717329000241335,25.155386999857807],[-80.716093000157088,25.154447999974511],[-80.714857000072826,25.153369000247729],[-80.714327000343417,25.152704000395502],[-80.713897999997997,25.151900999689449],[-80.713595999874215,25.15171799978156],[-80.712967000410586,25.151535999765382],[-80.712613000408254,25.151656000128199],[-80.712562000354637,25.151672999682198],[-80.712365999637726,25.151811999772974],[-80.712336000398835,25.151834000123799],[-80.711852999626757,25.152008000023855],[-80.711570999594443,25.15194599970474],[-80.710898999574795,25.151375999911181],[-80.710621999565348,25.150780000295352],[-80.710520000356425,25.149884999706501],[-80.710215999684507,25.14892099995954],[-80.709030999653862,25.147431000047842],[-80.708752999819524,25.14683499986889],[-80.708602000206781,25.14603200039052],[-80.708604999681526,25.145691999651323],[-80.708601000381876,25.143807999840877],[-80.707970000370125,25.142889999600982],[-80.7078430001485,25.142248000268804],[-80.708019999700511,25.141788999618882],[-80.707993999761243,25.141306999628195],[-80.707336999810209,25.140549999973956],[-80.706971999937224,25.140041000263754],[-80.70645499972828,25.139777000372376],[-80.706294000069789,25.139814999769698],[-80.704062000100791,25.140415000284737],[-80.703709999748298,25.140666999800697],[-80.703231000072492,25.141447000388471],[-80.703219000376933,25.142660999598309],[-80.703216999828783,25.142910000273279],[-80.703207999607955,25.143834000112115],[-80.70338500005829,25.144221999811066],[-80.704216000086589,25.14470499989908],[-80.704669999648019,25.145116999642269],[-80.70484799992326,25.146745000118333],[-80.70522700003994,25.148190999896233],[-80.705326999599052,25.14832899969484],[-80.705379000375899,25.14901700003956],[-80.705126999582518,25.149568000071611],[-80.704874999687448,25.150484000152023],[-80.704673999845966,25.150921000119453],[-80.704045000382365,25.152044000168498],[-80.703515999579537,25.152734000210117],[-80.702935999621403,25.153078999987454],[-80.702406999716885,25.153193000357053],[-80.700265000159575,25.153353000268172],[-80.699181000411286,25.153882000259426],[-80.697745000310462,25.15429600020833],[-80.697593999799409,25.154433999608106],[-80.697593999799409,25.154914999660285],[-80.697921999862487,25.155488999719132],[-80.698049999909003,25.157461999637558],[-80.698377999972053,25.158607999703907],[-80.698604999752774,25.159043999741506],[-80.69860700030091,25.161693000064655],[-80.69860700030091,25.161843000208144],[-80.698514000414505,25.162033000125106],[-80.698304000352223,25.16246100031724],[-80.69785099971736,25.162943999761762],[-80.696489999959638,25.163519000323419],[-80.696137999607132,25.163838999681015],[-80.695608999702628,25.164734000349828],[-80.69465100035103,25.165330000092549],[-80.694222999830544,25.165719999834558],[-80.694021999989076,25.166295000316687],[-80.693693999926026,25.166867999632743],[-80.693165999846428,25.167282000225796],[-80.691350999628938,25.168017000036979],[-80.690770999670804,25.168360999653338],[-80.690266999880649,25.168519999968179],[-80.689007000405269,25.168566999597147],[-80.688100000208976,25.168865999839706],[-80.687419999793406,25.169325000261825],[-80.686789999606546,25.17017499991357],[-80.686310999930768,25.170449000003696],[-80.685050999557049,25.170726000317476],[-80.684648000049236,25.171024000137301],[-80.684294999871824,25.171827000159229],[-80.684220000427061,25.172008999981799],[-80.68379199990656,25.172330999815291],[-80.682505999593602,25.172607999918164],[-80.682001999803433,25.172814999995062],[-80.681421999845313,25.173479999957095],[-80.681195999889511,25.174212999842069],[-80.681045000276768,25.174372999820974],[-80.680237999639587,25.174558999817027],[-80.67933100034162,25.174488999755656],[-80.67844900025969,25.174603999602986],[-80.677869000301541,25.173939000081461],[-80.677844000187193,25.173734000255415],[-80.677742999904851,25.17364000008509],[-80.677716999965597,25.173365999849572],[-80.677515000299223,25.172861999594371],[-80.677515000299223,25.172034999934255],[-80.677792000308656,25.170797000108756],[-80.67799300015011,25.169351999993722],[-80.67811899964849,25.168961999672355],[-80.680008000384134,25.166552000264879],[-80.680108999768166,25.166138999678992],[-80.68036099966325,25.165656999929432],[-80.68043600000631,25.164785000042087],[-80.680385999777599,25.164648000214694],[-80.680251000058391,25.164533999979898],[-80.679654000381817,25.16402999980453],[-80.678065999945034,25.163937999599298],[-80.677638000322887,25.164144999760151],[-80.677109000418369,25.164533999979898],[-80.675722999647959,25.166300999774336],[-80.675218999857805,25.166783000230616],[-80.674791000235615,25.167012999719571],[-80.673731999703378,25.167220000352149],[-80.672523000281615,25.167334999738721],[-80.672320999716945,25.167494999800699],[-80.672345999831293,25.167793000199943],[-80.672572999612029,25.168046000120093],[-80.673757999642646,25.168572999756069],[-80.674010000436056,25.168849000242563],[-80.674060999591347,25.170019000174687],[-80.673406000188464,25.171118999891284],[-80.673393999594566,25.1715589999259],[-80.673387999746794,25.171767000158191],[-80.673381999899021,25.171969000044069],[-80.673381000074102,25.172014999971328],[-80.673482000356429,25.172381000399923],[-80.673483000181349,25.173413000049461],[-80.673256000400627,25.173895000032854],[-80.67277699982651,25.174329999908256],[-80.672374000318698,25.174491999689426],[-80.671693999903141,25.17458300008434],[-80.671264999557735,25.174375999757576],[-80.670937000392982,25.174079999963958],[-80.670584000215584,25.173505999595836],[-80.669651000080009,25.172473999920573],[-80.668667999715751,25.171786000161699],[-80.668137999986314,25.171213000379439],[-80.667987000373586,25.170822000311674],[-80.668010999764718,25.16995099997586],[-80.668389000056493,25.169217999669552],[-80.66899400012899,25.168482999780508],[-80.669649000430198,25.167978999665301],[-80.669901000325282,25.16763399975013],[-80.669976999594937,25.167243999625068],[-80.669825000157289,25.167037999885327],[-80.669372000420751,25.166830999756801],[-80.668691000180289,25.166740000080097],[-80.667405999692221,25.166924000258653],[-80.666196000445552,25.166670999636658],[-80.665642000426672,25.166787000395143],[-80.664507999551375,25.167359999838485],[-80.663474000031769,25.167497999906558],[-80.661910999709363,25.16738299986066],[-80.660953000357779,25.167774000387201],[-80.660272999942208,25.168301000385735],[-80.658912000184486,25.169014000058286],[-80.658180999715299,25.169174000356186],[-80.658102000072574,25.169164000140455],[-80.657803000321834,25.169128000170083],[-80.657517000091573,25.168978000043602],[-80.657323999747732,25.168877000103837],[-80.656995999684668,25.168394999794359],[-80.656743999789583,25.167522999972864],[-80.656316000167408,25.166926000338595],[-80.655685999980562,25.166514000249691],[-80.65465199956266,25.165733999718725],[-80.653567999814371,25.164654999811987],[-80.653114000252927,25.163829999906202],[-80.65306300019931,25.16286599976382],[-80.653163999583327,25.162385000164818],[-80.653843999998898,25.161032000405797],[-80.65495299986155,25.159540000201979],[-80.655229999870983,25.158944999916351],[-80.65550699988043,25.15788900030547],[-80.656086000013659,25.156949000042591],[-80.656614999918162,25.156281999933405],[-80.657370999603387,25.155755000040479],[-80.658883999697082,25.155020000328999],[-80.659085000436846,25.155066000144341],[-80.661226999994156,25.154399999640844],[-80.661907000409727,25.154010999628177],[-80.662145999886022,25.153737000011965],[-80.66336899955148,25.152334999795638],[-80.66354500017691,25.152131000406364],[-80.664199999579779,25.151373000221909],[-80.665258000287125,25.151097000034564],[-80.665492999565458,25.150955000242952],[-80.665637000403805,25.15086799997977],[-80.66568699973422,25.150042000167311],[-80.66575000038172,25.149902000320338],[-80.665863000359622,25.149651999903703],[-80.667173000063713,25.148390000033405],[-80.667551000355488,25.147724999882801],[-80.668563000133773,25.147056000176494],[-80.669288999681768,25.146576999647419],[-80.669692000087906,25.146117999824693],[-80.669893999754265,25.145544999813371],[-80.670371999605166,25.144695000116972],[-80.670871000270751,25.144199000301313],[-80.670923999974207,25.144145000268608],[-80.671370000038038,25.143824999674806],[-80.672435000418062,25.14331899968208],[-80.674074999835057,25.142698000298978],[-80.674580000348442,25.142241000199224],[-80.675057000374423,25.141092000181082],[-80.675108000428025,25.140266000081013],[-80.674980000381524,25.139959000032089],[-80.674503000355543,25.138821000215714],[-80.674044999697827,25.138576999881781],[-80.673909999978605,25.138534000362309],[-80.673695999718376,25.138477000257279],[-80.67309200036911,25.138593999630878],[-80.672411999953525,25.138960000304582],[-80.672083999890475,25.139465000208361],[-80.671277999976539,25.140038999743066],[-80.671051000195803,25.140405999595359],[-80.670220000167504,25.141483999830708],[-80.669716000377349,25.141872999925283],[-80.669061000076141,25.142127000171065],[-80.667749999648805,25.142285999710207],[-80.666061999652939,25.141921000306784],[-80.665382000135679,25.141621999893225],[-80.664045999594009,25.141440999708621],[-80.661248999735477,25.142312000305623],[-80.659712000250636,25.142426000160988],[-80.659158000231784,25.142633000225455],[-80.658603000387998,25.14300200007089],[-80.658326000378565,25.143413999869573],[-80.658301000264203,25.144216000080792],[-80.658553000159287,25.144699000192546],[-80.658629000327267,25.145225999854855],[-80.658502999930576,25.145570999714636],[-80.657974000026073,25.146600999728847],[-80.657546000403883,25.146694999595763],[-80.657117000058477,25.146280999881419],[-80.65706699982978,25.145915000013414],[-80.657394000067924,25.145250000201937],[-80.65714200017284,25.144995999948751],[-80.656662999598737,25.144927999624805],[-80.654972999953031,25.145600999656345],[-80.654823999990114,25.145661999731978],[-80.65280799993117,25.146077000130362],[-80.652488000264043,25.146380999618934],[-80.652277000376841,25.146580000267729],[-80.652202000033782,25.146969000386502],[-80.652453999928866,25.14731500039937],[-80.653638999959483,25.148186999935099],[-80.654655999760621,25.148544000219211],[-80.655053000318972,25.148677999673627],[-80.655292999620173,25.148760999929429],[-80.655605999614608,25.148985999937263],[-80.655932999852766,25.149378000257457],[-80.656234999976562,25.150226999689739],[-80.656311999969461,25.151513000007597],[-80.656445999863763,25.152495000018682],[-80.656435999818001,25.15262100038208],[-80.656409999878747,25.154286999729443],[-80.655981000431652,25.15513200023798],[-80.655325000305538,25.155751000327271],[-80.654115000160544,25.156277000110236],[-80.653031000412255,25.156526999963265],[-80.651672000304359,25.156732000257335],[-80.651618999702592,25.156752000287415],[-80.651319000126932,25.156870000154221],[-80.650944000208213,25.157440000301495],[-80.65099500026183,25.159036999822217],[-80.651069999706593,25.159333999645799],[-80.651422999884005,25.159789999872888],[-80.651673000129264,25.160451999850647],[-80.651749000297244,25.160496999964369],[-80.651775000236512,25.162118999664965],[-80.651274999746008,25.163966999839406],[-80.649897000269846,25.167349000250514],[-80.649246000166585,25.168648000091494],[-80.647517000162836,25.17150299980273],[-80.645862999603821,25.173947999923158],[-80.645074000306622,25.174703999700149],[-80.644343999662354,25.175138999940589],[-80.642578999673574,25.175553000090172],[-80.641646000436339,25.175918999652243],[-80.640284999780306,25.176655000198188],[-80.639351999644731,25.176605999701231],[-80.637841000099186,25.176216999785733],[-80.636528999846945,25.176333000404544],[-80.635671999879378,25.176079999795739],[-80.635471999862844,25.175942999651792],[-80.634563999841646,25.176034999741695],[-80.633709000422201,25.176313000333767],[-80.633632000429316,25.176334000367348],[-80.633605999591722,25.176470000110182],[-80.633915000286535,25.176758000116717],[-80.63403800031017,25.176872000303916],[-80.634716000177605,25.177503000053544],[-80.635194999853411,25.178212999722138],[-80.635521000266621,25.178396999657615],[-80.638067000055003,25.178555999890655],[-80.639426999987819,25.178333999799346],[-80.639907000386842,25.178254999943952],[-80.640714999950603,25.178123000359449],[-80.643059000072611,25.178099999924537],[-80.643285999853319,25.178006999818283],[-80.643789999643474,25.177571000104702],[-80.644572000166306,25.177204999812247],[-80.647268999567387,25.176515999964927],[-80.65094900023108,25.175391000093043],[-80.651653999862688,25.175344999813735],[-80.653434999744988,25.175626000259374],[-80.653607000172428,25.175640999787564],[-80.654957000059511,25.175597000353303],[-80.655382000206941,25.175726000331114],[-80.65578800008781,25.175849000371866],[-80.65717700033295,25.176905999697279],[-80.657954999759482,25.177499000240648],[-80.658308999761815,25.177431000149287],[-80.658259000431414,25.176697000143903],[-80.658259000431414,25.176168999889828],[-80.658788000335932,25.175137999967987],[-80.659190999843744,25.174747000293937],[-80.659846000144952,25.174425000338005],[-80.660904999778879,25.174473000107618],[-80.661913000257513,25.17474600031812],[-80.662442999986951,25.174975000258389],[-80.663098000288144,25.175573000285638],[-80.663864000019132,25.176840000005402],[-80.664081999579011,25.177200000033899],[-80.664259000029332,25.17740599967577],[-80.664309000258044,25.177980000377303],[-80.663982000019899,25.179494000382668],[-80.66378000035354,25.179791999904982],[-80.662923000385973,25.180457999940757],[-80.661586999844275,25.181283000328673],[-80.660857000098318,25.181972999970601],[-80.660554000149602,25.182408000281761],[-80.660327000368881,25.182983000094882],[-80.660150999743479,25.183877000145628],[-80.659898999848394,25.184426999684039],[-80.659369999943877,25.18477100014055],[-80.658563000205035,25.184931999970939],[-80.656344999581407,25.185000999833125],[-80.655184999665138,25.184496999728044],[-80.654530000262241,25.184542999804737],[-80.654278000367171,25.184795000022724],[-80.654177000084843,25.185599000253543],[-80.654505000147878,25.186721999623206],[-80.654454999919182,25.187615999878489],[-80.654329000420788,25.188213999657297],[-80.653900999900301,25.188647999773679],[-80.653145000215076,25.189129999656647],[-80.652740999984033,25.189612000071222],[-80.652489000088949,25.190438000104539],[-80.652438999860237,25.191447000125081],[-80.652186999965153,25.192089999625537],[-80.651632999946287,25.192479000079924],[-80.651278999943955,25.192595999678886],[-80.649086000333028,25.192388999874179],[-80.648278999695847,25.192159000310852],[-80.647825000134404,25.191837999865488],[-80.64749799989626,25.191426000257344],[-80.647271000115538,25.190828999832277],[-80.647321000344249,25.189683000240951],[-80.647118999779579,25.189522000185825],[-80.646691000157404,25.189706000115333],[-80.646671999890827,25.189718999830344],[-80.646035000031276,25.190139999793587],[-80.645405999669336,25.190416000215631],[-80.644194999699437,25.19069100016733],[-80.642004999563227,25.190766999742962],[-80.639421000140047,25.19085700033428],[-80.639165999871906,25.190865999739437],[-80.638850000402741,25.190876999643756],[-80.638195000101518,25.191173000095436],[-80.637892999977737,25.191472999995007],[-80.63761599996829,25.191999999945299],[-80.636985999781444,25.192412000050499],[-80.636506000280733,25.192573000350198],[-80.635674000427514,25.192432999748238],[-80.635144999624686,25.192344000152861],[-80.634236999603473,25.19236700033764],[-80.634035999762034,25.192551999863721],[-80.634035999762034,25.193583000389253],[-80.633681999759716,25.194155999849873],[-80.63320300008391,25.194593000181424],[-80.631766999983114,25.195027000329649],[-80.631110999856986,25.195325999870999],[-80.630985000358606,25.195510999779621],[-80.630960000244258,25.196496999829105],[-80.630941999802602,25.196540000047776],[-80.630757999679588,25.196977999746668],[-80.630355000171761,25.197344999769673],[-80.629945000092931,25.197510999808838],[-80.629447000150549,25.197713000099679],[-80.628666000350975,25.197664999730964],[-80.628237999830489,25.19748099963244],[-80.627001999746227,25.196335999839572],[-80.625917999997924,25.195509000168759],[-80.625716000331565,25.195164999959072],[-80.625641999813411,25.195135999826114],[-80.625312999925441,25.19500399983432],[-80.624783000196018,25.195279999801773],[-80.62420400006279,25.195463999974454],[-80.624077999666085,25.196220000381654],[-80.624153000009159,25.196335999839572],[-80.624178999948427,25.197138999700247],[-80.62400200039643,25.197779999651345],[-80.623573000051024,25.198377000143232],[-80.623145000428849,25.198788999809146],[-80.622538999633136,25.199181000138459],[-80.621984999614256,25.199364000332864],[-80.6216060003959,25.199362999746239],[-80.621254000043379,25.199202000294655],[-80.620900999865981,25.198880999717769],[-80.620699000199608,25.198492000204052],[-80.620069000012748,25.197781000250959],[-80.61959000033697,25.197575000106259],[-80.619458999917384,25.197621000121451],[-80.619262000273906,25.197689000324104],[-80.619135999877201,25.198261999973813],[-80.618960000150096,25.198469000363129],[-80.61827899990962,25.198951000396814],[-80.616740999701577,25.199409999672206],[-80.616060000359411,25.199708000060458],[-80.614900000443143,25.200716999685525],[-80.614168999973955,25.200921999630577],[-80.612808000216219,25.200647999784984],[-80.612075999922126,25.200578000081528],[-80.61109299955784,25.200715999922856],[-80.61069900027087,25.200523999818323],[-80.610336999872615,25.200347999727477],[-80.609932999641572,25.200256000114464],[-80.60970699968577,25.200464000129983],[-80.609606000301739,25.200668999688176],[-80.609454999790685,25.201725000135479],[-80.609001000229256,25.202296999737015],[-80.608521999655139,25.202734000114162],[-80.607866000427336,25.20300999962971],[-80.60680699989507,25.203101999600115],[-80.60491600040794,25.202733000368042],[-80.604487000062534,25.202344000156042],[-80.604333999901655,25.202109000317943],[-80.604009000211647,25.201609000121586],[-80.60399800034098,25.201509999917203],[-80.603943999914321,25.201041000391925],[-80.603936000416724,25.200927000061053],[-80.604134999710027,25.199774000369636],[-80.605270000410258,25.198009000194244],[-80.605723999971687,25.196723000146971],[-80.605874999584429,25.196104999800912],[-80.605723999971687,25.194797000057921],[-80.605573000358959,25.19463700007211],[-80.605523000130248,25.194454000089756],[-80.604111000318895,25.19314499986039],[-80.603758999966388,25.192089999625537],[-80.603481000132049,25.191701000367487],[-80.603329999620982,25.191286999802905],[-80.603255000176233,25.190576000056154],[-80.603708999737677,25.189382999997367],[-80.604087000029452,25.188878000276162],[-80.604415000092501,25.188673000379456],[-80.604918999882656,25.18851199980239],[-80.606632999817805,25.188192000179622],[-80.607464999671024,25.187824000346549],[-80.608044999629158,25.187273999884553],[-80.609203999720521,25.186471000018802],[-80.609734000348254,25.185920000067945],[-80.609809999617937,25.185346000183738],[-80.609766999960229,25.185257000288118],[-80.609508000392452,25.184773999821246],[-80.609386000193723,25.184624000250995],[-80.609079000047061,25.184244999706639],[-80.609053999932698,25.183648999762806],[-80.60928099971342,25.183191000342998],[-80.609582999837215,25.182846000394115],[-80.60978700005171,25.18276399966879],[-80.610480999812665,25.182485000059213],[-80.610950000341049,25.182296000223012],[-80.611121000045259,25.182226999641973],[-80.611500000161939,25.182137999906978],[-80.611901999844847,25.182043999714413],[-80.612961000377098,25.182021999935618],[-80.614271999906109,25.182549000122275],[-80.615884999558901,25.182594000209981],[-80.616667000081733,25.18270899972638],[-80.616951999588778,25.182731000194085],[-80.619716999660255,25.182940999876632],[-80.619950000187075,25.183029999838066],[-80.621244999822565,25.183523999657087],[-80.621455999709752,25.18360400006469],[-80.62173400044243,25.183511999997894],[-80.622213000118208,25.182869999842509],[-80.622690999969109,25.182686000156963],[-80.623472999593602,25.182572999629166],[-80.624784000020924,25.182824999856706],[-80.624810999785112,25.182819000399313],[-80.625009999976726,25.182778000034453],[-80.625187000427061,25.182550000034077],[-80.625060000205437,25.182228000369381],[-80.624731000317468,25.181913000086134],[-80.624404000079323,25.181586999872398],[-80.624076999841193,25.181357000239299],[-80.623120000314501,25.181195999750052],[-80.622162999889497,25.180452000366799],[-80.62184099967422,25.180311999656041],[-80.621613000068592,25.180445000050561],[-80.621506999763383,25.180830999701286],[-80.62143099959539,25.180936999930523],[-80.621279999982647,25.181150000035753],[-80.620448000129443,25.181771000404481],[-80.61961600027621,25.181999000236534],[-80.619588999613725,25.181976999636671],[-80.619326999672921,25.181769999673318],[-80.617852000112364,25.180598999598665],[-80.617801000058748,25.180460999727607],[-80.617830000371043,25.180408000230432],[-80.618098000159677,25.179921000320615],[-80.618211000137578,25.179715999986904],[-80.618230000404139,25.179680999816149],[-80.618457000184875,25.178993000086368],[-80.619237999984449,25.178008999716397],[-80.619263999923717,25.177686000296195],[-80.619200000349608,25.177604000163686],[-80.619088000196626,25.177456999758299],[-80.619011000203741,25.177360000156909],[-80.618304999848903,25.176860999948186],[-80.617247999864787,25.176337000255735],[-80.616066000207198,25.176250000211308],[-80.614958999994371,25.17579499971492],[-80.614464000425045,25.17577600033621],[-80.614447999633214,25.1757790002383],[-80.614129999615898,25.175956000022186],[-80.613548999832844,25.176549000309549],[-80.61352200006867,25.176708999661169],[-80.613446999725582,25.176729999626534],[-80.613344999618334,25.176937999978463],[-80.612966000399979,25.177324000167872],[-80.61238600044183,25.177620000213711],[-80.612107999709181,25.177893999829678],[-80.612153999739931,25.17867399979653],[-80.612003999952094,25.178922000190934],[-80.611048000250335,25.179618999744505],[-80.611003999869396,25.17960499982885],[-80.610674999981427,25.179844999670021],[-80.610222000244903,25.180304000214463],[-80.609997000114006,25.180783999922898],[-80.609796000272553,25.181542000225758],[-80.609243000078578,25.182597999855684],[-80.608941999779717,25.182895999917051],[-80.608438999814453,25.183217000349057],[-80.608011000192278,25.183629999982621],[-80.607811000175744,25.184386999756985],[-80.607158000422672,25.185650000159026],[-80.606404000387258,25.186383999892726],[-80.605597999574996,25.186730000269272],[-80.604641000048318,25.187028999854885],[-80.603456999842592,25.187581000351056],[-80.601896000068336,25.187810999616406],[-80.601014999811312,25.18820400019079],[-80.599931999887929,25.188457999879262],[-80.598648000123092,25.189216000403349],[-80.598043999875514,25.189331000172679],[-80.597237999961564,25.189354000113507],[-80.595801999860754,25.189586999658122],[-80.595247000016982,25.189817000013509],[-80.594619000378259,25.190368000222488],[-80.594292000140115,25.190850999646607],[-80.594015999955602,25.191471000317851],[-80.594015999955602,25.192248000041403],[-80.594092000123595,25.192479000079924],[-80.59429499961486,25.192660999949478],[-80.594345999668462,25.193576999835916],[-80.594147000375159,25.194586999677814],[-80.594196999705559,25.194771000084675],[-80.594173000314441,25.19515900029652],[-80.593871000190646,25.195871999719142],[-80.593495000447007,25.196512000039448],[-80.592840999970704,25.197226000273194],[-80.592789999917073,25.198051999878977],[-80.592589000075634,25.198348999744457],[-80.591579999772094,25.199245000370954],[-80.590798000147601,25.199633000145983],[-80.589663000345681,25.199725000229755],[-80.589524000428511,25.199783999699076],[-80.589007000219553,25.200001000063892],[-80.587619999624238,25.200691000163463],[-80.586484999822332,25.200553000293802],[-80.58524899973807,25.200739000152151],[-80.584769000237358,25.200694000264882],[-80.584289999663227,25.20051200020816],[-80.583836000101812,25.20055700016265],[-80.583715999552894,25.200738000389606],[-80.583410999954353,25.201191000065709],[-80.583511000411789,25.201811999870181],[-80.583611999795821,25.202040000393456],[-80.583738000192525,25.20314299962638],[-80.583712000253243,25.203321000036258],[-80.58368700013888,25.203486000316136],[-80.583359000075816,25.204151000310318],[-80.583282999907837,25.205230000009291],[-80.583358000250925,25.205434999670199],[-80.583737000367606,25.205939999820298],[-80.584139999875418,25.206742000024544],[-80.584139000050499,25.207454000184338],[-80.583735999644361,25.20793499989168],[-80.583155999686241,25.208118999633601],[-80.582702000124783,25.207980000353409],[-80.582450000229713,25.208118999633601],[-80.582399000176096,25.208324999818583],[-80.582801999683909,25.20873900016171],[-80.58297900013423,25.209611000043051],[-80.58285299973754,25.209954000387956],[-80.582374000061733,25.210550999699283],[-80.580985999641499,25.211077000300619],[-80.580506999965706,25.211399000090779],[-80.579851999664513,25.2117200001694],[-80.578011000406065,25.212039999731594],[-80.577103000384881,25.212083999818955],[-80.576397000030028,25.211787000139768],[-80.575566000001729,25.211007999770338],[-80.575489999833763,25.210845000105511],[-80.574884999761252,25.210226999921826],[-80.574558000421419,25.210066000208279],[-80.57385200006658,25.210043000115711],[-80.573447999835551,25.210224999739903],[-80.57284299976304,25.210637999628116],[-80.572287999919283,25.210776999936467],[-80.571883999688225,25.21068299990317],[-80.571278999615743,25.210386000055859],[-80.570724999596877,25.210293999901392],[-80.570370999594545,25.210452999947908],[-80.569665000138016,25.211163999853394],[-80.569261999731893,25.211392999602733],[-80.568403999939406,25.211553999998991],[-80.568320000273815,25.211538000342696],[-80.568152000044321,25.211508000371939],[-80.567445999689511,25.211186999734128],[-80.566009999588687,25.210131000093018],[-80.565479999859264,25.209580999597247],[-80.564699999884581,25.208273999655333],[-80.564043999758468,25.207835999955183],[-80.563539999968313,25.207170999772533],[-80.56351499985395,25.206528999968768],[-80.563591999846849,25.206414000184374],[-80.563692000304286,25.205472999739889],[-80.563755000053476,25.205279000371991],[-80.563818999627571,25.205082999615694],[-80.563842000092095,25.205051000225279],[-80.564021000192255,25.204797999922686],[-80.564095999637004,25.204692999867603],[-80.56460100015039,25.204281999593661],[-80.565079999826182,25.204142999995884],[-80.566946000097303,25.204121999879099],[-80.567752999836145,25.204259000033733],[-80.56901300020985,25.204167999859219],[-80.569214999876223,25.203871000370533],[-80.569215999701129,25.202057999988796],[-80.569291999869108,25.201462000232475],[-80.569568999878555,25.200704000331598],[-80.570049000277578,25.199786999822887],[-80.570426999671042,25.19930700020852],[-80.571260000247477,25.198526000066913],[-80.571890000434323,25.198275000401306],[-80.573251000192059,25.198183999818305],[-80.573780999921482,25.198299000061372],[-80.5746129997747,25.198666999946827],[-80.575166999793566,25.199422000203811],[-80.575393999574288,25.200042000321641],[-80.575585000268291,25.201018000219676],[-80.575843999836081,25.202338999783745],[-80.575996000172054,25.203115000323614],[-80.576057000271405,25.203188000234032],[-80.576424999619135,25.203575999635664],[-80.576701999628554,25.203621000083256],[-80.577055999630886,25.203185000194036],[-80.577233000081222,25.202221000041398],[-80.577211000339901,25.200825000016795],[-80.577207999966859,25.200752000315134],[-80.576905000018158,25.200204000055063],[-80.576263999960645,25.199479000274327],[-80.576174000447281,25.199376999829841],[-80.575796999980398,25.198780999955165],[-80.5752250004182,25.198227000254096],[-80.574965999952099,25.197976999757362],[-80.5745630004443,25.197794999703643],[-80.573328000184944,25.197448000080144],[-80.572748000226809,25.19715099964284],[-80.571461999913851,25.196002999781591],[-80.570832999551897,25.195246999653023],[-80.569681999856456,25.194070000152408],[-80.568790999553713,25.193158999845981],[-80.568464000213851,25.193042999800625],[-80.56772299969893,25.192948999893062],[-80.566111999695934,25.192744000344589],[-80.565386999972858,25.192651000035173],[-80.565265999599035,25.192712999978358],[-80.565174000435832,25.192773000234236],[-80.565219999568271,25.192933000230177],[-80.565237000185022,25.192995999855921],[-80.565520999867147,25.195108000307819],[-80.563923000282955,25.197016999810511],[-80.56234599971684,25.197769000370464],[-80.560969000065597,25.198065000328899],[-80.560563000184729,25.19845500017513],[-80.560343000076713,25.198499000296113],[-80.559964999784938,25.198522000131376],[-80.559485000284226,25.198911000362077],[-80.558720000378159,25.199094999925443],[-80.558645999859991,25.199112999956135],[-80.558546000300893,25.199303000298606],[-80.558563999844239,25.19991900031987],[-80.558854000272476,25.200516999842669],[-80.558954999656493,25.200930000156696],[-80.559080000228263,25.202191000212675],[-80.559205999726657,25.202673999889289],[-80.559230999841006,25.204164000109003],[-80.559306000184066,25.204439999633774],[-80.559382000352059,25.204484999761988],[-80.559431999682459,25.204782999920361],[-80.560061999869305,25.205840000166148],[-80.560137000212379,25.206343000015906],[-80.560514999605843,25.206962999837241],[-80.560791999615276,25.207604999790227],[-80.560841999843987,25.208155999976587],[-80.561321000418104,25.209003999987701],[-80.561472000030847,25.209487999956384],[-80.562138000202708,25.210347999894466],[-80.562252999830434,25.21049699979628],[-80.562262000051263,25.210536000405931],[-80.562332000371455,25.210842999933739],[-80.562353000287857,25.210933000315649],[-80.562353000287857,25.211479999742345],[-80.562353000287857,25.211688999758184],[-80.562339000044162,25.211735999801778],[-80.562277000119877,25.21194200036653],[-80.562099999669556,25.212078000177431],[-80.561949000056828,25.21219399996772],[-80.561193000371588,25.212331999644306],[-80.559630000049182,25.212056000134663],[-80.558521000186531,25.211708999709778],[-80.558096999864006,25.211658000151829],[-80.557964999619543,25.211641999696486],[-80.557220999629848,25.211950999838784],[-80.55708300043591,25.212007999731991],[-80.555342999663168,25.212535000203371],[-80.555090999768098,25.212809999776038],[-80.55486300016247,25.213405000389159],[-80.554580000305251,25.213664000244414],[-80.554433999817064,25.213796999977824],[-80.553828999744582,25.213980000143351],[-80.553376000008058,25.21400100018473],[-80.552216000091775,25.213657000211651],[-80.551761999632021,25.213633000328421],[-80.550601999715738,25.214092000322083],[-80.549718999808903,25.214184000043435],[-80.549189999904385,25.214045000375737],[-80.548584999831888,25.213427000188059],[-80.548434000219146,25.213150999910969],[-80.548282999708093,25.212644999944466],[-80.548208000263344,25.21209599991391],[-80.548788000221492,25.211201000083445],[-80.549040999941482,25.210580999906],[-80.54914200022381,25.210053000227159],[-80.549570999670891,25.209250999894813],[-80.549596999610159,25.20863200004699],[-80.549295000384689,25.207989999821585],[-80.548387000363491,25.207186000293351],[-80.548085000239695,25.206818999861429],[-80.547933999728642,25.206178000357291],[-80.546496999802926,25.205489000193477],[-80.545640999660264,25.204983000070321],[-80.545347999757311,25.20506499965482],[-80.545311999772295,25.205072999908673],[-80.544631000430144,25.20575999973348],[-80.544151000031121,25.206008999972653],[-80.543496999554804,25.206190999939491],[-80.542237000079425,25.206208999733871],[-80.541709999824732,25.206026000074864],[-80.541158000354002,25.205701999630737],[-80.54000299956229,25.204601000286743],[-80.53945000026664,25.203934999763298],[-80.539025999944116,25.203178000371391],[-80.53817200034959,25.202212999600121],[-80.537846999761271,25.20143399973032],[-80.536993000166746,25.20113399998386],[-80.53656600036949,25.200721000361792],[-80.536241999606077,25.1996680002744],[-80.536092999643159,25.199072999974614],[-80.53607799957453,25.19906100022143],[-80.53604800033564,25.199066999691752],[-80.535837000448424,25.198923000130023],[-80.535687999587182,25.199010000241213],[-80.535690000135332,25.199022999776002],[-80.535732999793041,25.199433999921425],[-80.535752000059617,25.199609999707778],[-80.535761000280459,25.199679000196546],[-80.535709000401894,25.201032999873068],[-80.535845999770956,25.201235000010833],[-80.536813000241693,25.20171200007637],[-80.537016999557878,25.202031999940274],[-80.53727400037414,25.202698000307919],[-80.537808000301524,25.203179999856303],[-80.538317000114546,25.203428999683183],[-80.538649000375571,25.204097000006286],[-80.538604000169713,25.204834999649599],[-80.538097000006516,25.205492000176708],[-80.538050999975766,25.205551000102478],[-80.538050999975766,25.205803999652833],[-80.538933999882616,25.206194999623104],[-80.539286000235109,25.206860000261326],[-80.539309999626241,25.2074340003463],[-80.539562000419636,25.207709999771776],[-80.540318999929781,25.208030000124456],[-80.540570999824865,25.20837399974813],[-80.540671000282288,25.208650000293172],[-80.540569999999946,25.209521000308996],[-80.540544000060692,25.210966000276454],[-80.540619000403751,25.211449000082759],[-80.540492000182155,25.211884999629664],[-80.539961999554407,25.212756999726455],[-80.539634000389668,25.213512000371086],[-80.539306000326604,25.213787000174012],[-80.538297000023064,25.214291000153104],[-80.53615399974251,25.213945999720391],[-80.533658000182882,25.214235000168213],[-80.533223999814609,25.214212000050836],[-80.533053000110385,25.213968000234189],[-80.532893000276815,25.213942000291514],[-80.532623999764994,25.213898999717664],[-80.532191000119937,25.214226000052136],[-80.531564000306133,25.214697999733353],[-80.530909000004925,25.214835999821148],[-80.530606000056224,25.214674999703529],[-80.529421999850513,25.213688999777656],[-80.529068999673086,25.213505000329583],[-80.528968000289055,25.213686999652626],[-80.529195000069777,25.214078999958314],[-80.529194000244871,25.214764000042241],[-80.529194000244871,25.214789999809287],[-80.529104999658102,25.214961999941284],[-80.529010999946763,25.21514099977799],[-80.528966999565839,25.215224999932911],[-80.528788000364003,25.216531999990927],[-80.528712000196023,25.216556000115038],[-80.528585999799319,25.216943999974642],[-80.528056999894801,25.21738000015019],[-80.526997000435969,25.217676999993952],[-80.526568999915483,25.217883999874967],[-80.524827000391241,25.219579999816485],[-80.524726000108899,25.219878000396232],[-80.524573999772926,25.220887000225098],[-80.524295999938602,25.221163999614408],[-80.524044000043517,25.221277999681561],[-80.521800000378946,25.221620000054642],[-80.520638999739447,25.222285000104346],[-80.519175999874463,25.222375000149484],[-80.518949000093755,25.222306999922875],[-80.517917000223989,25.221411000031221],[-80.517816999766552,25.221225999664206],[-80.517137000249306,25.220653000032385],[-80.516557000291172,25.220470000151479],[-80.51564900026996,25.220399000056954],[-80.515220999749488,25.220168999775215],[-80.514640999791354,25.219548000174438],[-80.514541000232256,25.21918200006354],[-80.514541000232256,25.218563000345473],[-80.515272999628024,25.218059000182773],[-80.515475000192708,25.217692000032496],[-80.515399999849635,25.217393999786974],[-80.515147000129645,25.217234999870058],[-80.514870000120212,25.217323999961593],[-80.514718999609158,25.217713999868987],[-80.514592000285859,25.217829000353166],[-80.514012000327725,25.217943000294792],[-80.513458000308859,25.217345999864619],[-80.512902999566762,25.217000999967084],[-80.51141600031066,25.216702000023098],[-80.510634999612748,25.216058000023619],[-80.510333000387263,25.215554000049131],[-80.51030900009782,25.214085999966802],[-80.510083000142004,25.213512000371086],[-80.509654999621532,25.212985000067139],[-80.509529000123138,25.212272999754628],[-80.508471000314131,25.211767999872933],[-80.507589000232187,25.210825999691554],[-80.507185999826063,25.210115999935152],[-80.506908999816631,25.208678999645638],[-80.506886000250404,25.208554999731543],[-80.507467000033444,25.207340000169395],[-80.508097000220303,25.206837000375682],[-80.508115999588568,25.206725000022338],[-80.508137000403281,25.206525000296132],[-80.508130999657197,25.206505000305455],[-80.507996999762867,25.206402000341978],[-80.507913999922209,25.206431000230037],[-80.507795000096522,25.206471999947865],[-80.507416999804747,25.206883999854679],[-80.506155999606122,25.207044000002785],[-80.505601999587256,25.206951999760445],[-80.504870000191474,25.206583999721257],[-80.50378700026809,25.205641000333678],[-80.503635999757037,25.20525199966038],[-80.503435999740475,25.204380000249714],[-80.503234000074144,25.204035999904978],[-80.503109000400656,25.203141999883634],[-80.502807000276874,25.203185999936441],[-80.502578999772922,25.203393000082457],[-80.502252000433089,25.203530000244658],[-80.501571000192612,25.203667000252707],[-80.500787999844874,25.204560999669837],[-80.500258000115466,25.204813999652199],[-80.500106999604412,25.204698999873163],[-80.500058000098903,25.2038720001073],[-80.500488000269243,25.202703999599024],[-80.500488000269243,25.202243000236237],[-80.500212000084701,25.201831999819092],[-80.499782999739296,25.201486999833556],[-80.499294999842675,25.200804000140511],[-80.498638999716562,25.200207999935376],[-80.49798299959042,25.199931999757585],[-80.495919999675834,25.199594999879086],[-80.495673999628551,25.199558999957503],[-80.495334999694833,25.199498999793647],[-80.495309999580471,25.199728000354977],[-80.495394000144373,25.199807999874572],[-80.495441000000028,25.199852000319478],[-80.495637999643534,25.200046999975424],[-80.495713999811514,25.200346999961766],[-80.495614000252417,25.200896000152248],[-80.495691000245301,25.202044000213455],[-80.495942000315452,25.202593000067168],[-80.496068999638766,25.202846000075471],[-80.496020000133257,25.203766000328667],[-80.495490000403848,25.204887000169393],[-80.495568000221652,25.205322999652431],[-80.495893999736566,25.205714000354934],[-80.496727000313001,25.206080000335959],[-80.496878999750663,25.206311000143931],[-80.496855000359531,25.206792000304144],[-80.497433999594435,25.207320000312606],[-80.498603999556451,25.208069999601399],[-80.498693999968154,25.208128000201327],[-80.499776000066603,25.208117000229809],[-80.500530999926923,25.208391000332782],[-80.500605000445105,25.208489999817861],[-80.501336999840888,25.209608000161353],[-80.501234999733626,25.210136999830556],[-80.500603999721861,25.211191000066318],[-80.500453000109133,25.211326999903719],[-80.499782999739296,25.211306000213654],[-80.498876000441328,25.211102000365333],[-80.498472000210285,25.210736999723672],[-80.498344999988689,25.210113999751396],[-80.497950999803393,25.209626000263153],[-80.497915999643283,25.209110000081626],[-80.497818999558916,25.208918999907009],[-80.497333000210403,25.208766000099832],[-80.497159000133138,25.20871800002509],[-80.497046000155237,25.208513000203919],[-80.496956999568454,25.20835199984856],[-80.496780999841363,25.208397000156108],[-80.496630000228635,25.208696000187697],[-80.496200999883229,25.208696999884836],[-80.495847999705816,25.208535999772867],[-80.495696000268154,25.208307000337133],[-80.495569999871478,25.20784799965622],[-80.495518999817833,25.207390000203347],[-80.495770999712917,25.207113000342119],[-80.49579599982728,25.206815000198311],[-80.495695000443249,25.20663199982479],[-80.495266000097843,25.206402000341978],[-80.494912999920444,25.206448999988918],[-80.494788000246956,25.206633000351673],[-80.494686999964614,25.207482000114627],[-80.494585999682286,25.207573999956399],[-80.494259000342439,25.207595999996609],[-80.494005999724152,25.207391999619087],[-80.493628000330688,25.207184999771037],[-80.493552000162708,25.207046999947671],[-80.493552000162708,25.206517999852746],[-80.493829000172141,25.206359000355118],[-80.49385400028649,25.206060999990935],[-80.493600999668203,25.205877000389137],[-80.492768999814999,25.205578999657732],[-80.492366000307172,25.205671999847024],[-80.492138999628125,25.205970000350728],[-80.492140000351341,25.206565999982335],[-80.492240999735372,25.20670400035101],[-80.492342000017715,25.207415000212617],[-80.492181000359238,25.207499000011136],[-80.491478000377455,25.207549999686336],[-80.490865999733956,25.207819000105744],[-80.490529000348374,25.207822000031548],[-80.489653000114231,25.207318999791401],[-80.488751999765711,25.207242000270814],[-80.488162999586748,25.20670899973123],[-80.487698000154666,25.20668200014957],[-80.487612999765844,25.206753000120333],[-80.487555000039535,25.206832999900417],[-80.487663999819475,25.206956999943245],[-80.487406999901509,25.207124000404374],[-80.487215000280898,25.207125999824477],[-80.487271000357396,25.207449999729338],[-80.487945999851775,25.208248999822494],[-80.487989000407808,25.208581000012387],[-80.488006000126234,25.20914499992368],[-80.488182999678244,25.209534000346945],[-80.488181999853325,25.209566999874333],[-80.488160000112018,25.210193000075783],[-80.487832999873874,25.211037000186444],[-80.48745899978006,25.2117039997222],[-80.487083999861326,25.212233999701638],[-80.487033999632615,25.212306000164794],[-80.487139000112919,25.212306999832279],[-80.487216000105818,25.212409999674968],[-80.487355000022987,25.21255599968136],[-80.488338000387259,25.212372999812541],[-80.488741999719977,25.212486000323644],[-80.488956999805126,25.21275899986675],[-80.48903499962293,25.213241999871268],[-80.489043000018853,25.21331099994762],[-80.489196000179746,25.213427000188059],[-80.489674000030618,25.21331099994762],[-80.490228999874404,25.213013000350436],[-80.490734000387789,25.213057000085975],[-80.491502999593493,25.213349999655442],[-80.491818000136078,25.213470999773868],[-80.492957000135959,25.214102000100805],[-80.493378000085428,25.214496999643529],[-80.4935589998354,25.214662000214773],[-80.493629000155607,25.214837000280589],[-80.493715000369335,25.215049999612422],[-80.493862999609021,25.215418999701498],[-80.494014000120075,25.215603000318882],[-80.494871999912561,25.216013999747805],[-80.494998000309252,25.21629000003259],[-80.494974000019809,25.217504999636493],[-80.494722000124725,25.217941999860923],[-80.494671999896028,25.218332000225313],[-80.495051000012694,25.219340000264246],[-80.494977000392851,25.220188999958314],[-80.494447999590022,25.221038000228571],[-80.494447999590022,25.221138999991737],[-80.494447999590022,25.221313999680557],[-80.494713999728788,25.221616000065353],[-80.494953000103422,25.221887000262093],[-80.495533000061542,25.222275000185498],[-80.496037999676602,25.222734999664141],[-80.496039000399833,25.223997000094855],[-80.495536000434598,25.225394999986037],[-80.495133000028474,25.226061999634119],[-80.49417599960347,25.227116999604487],[-80.493645999874047,25.2273460002062],[-80.491835999679424,25.227426999804802],[-80.491553999647124,25.227440000367391],[-80.490695999854651,25.227278999865398],[-80.490443999959567,25.227417999852069],[-80.490418999845204,25.227761000378802],[-80.490166000125214,25.228081000005002],[-80.490091999607046,25.228174999598046],[-80.489689000099247,25.228541999812023],[-80.48916000019473,25.22881800011341],[-80.487318000213065,25.228727999960299],[-80.486990000150001,25.228567000350946],[-80.486718999988341,25.228251000149577],[-80.486636999972589,25.228154000378254],[-80.486586999743878,25.227878999734582],[-80.486107000243166,25.227376000334711],[-80.485728999951391,25.227121999771271],[-80.485400000063422,25.226710000128673],[-80.485273999666717,25.226366000336238],[-80.485237999681701,25.226081999660902],[-80.485198000397048,25.225770000168925],[-80.484995999832364,25.22551899980391],[-80.484313999766982,25.225221000041579],[-80.48282599978765,25.224785999903936],[-80.482472999610223,25.224877999664855],[-80.482120000331122,25.225198999937451],[-80.481414999801203,25.226115999942643],[-80.481340000356454,25.226735999780505],[-80.480810999553626,25.227791000404924],[-80.480408000045799,25.228228000244314],[-80.479022000173728,25.228687999961171],[-80.478241000374126,25.229193000305266],[-80.477585000248013,25.229376000063517],[-80.477181999841889,25.229582000012503],[-80.476804000448425,25.230110999781726],[-80.476199000375928,25.230661999619787],[-80.47587200013777,25.230798999958818],[-80.475216000011656,25.230914000260675],[-80.474483999717563,25.230617999750997],[-80.47365199986433,25.229746000101073],[-80.473524999642734,25.229379000270391],[-80.472666999850262,25.22855500025543],[-80.472264000342449,25.228668000362973],[-80.472086999892113,25.228804999698141],[-80.471431999590905,25.229862000109446],[-80.470853000355987,25.230413000263223],[-80.470474000239321,25.230526999787177],[-80.469894000281172,25.230459000055497],[-80.468633999907468,25.230047999863878],[-80.468432000241094,25.230185000082098],[-80.468371999966649,25.231849000302816],[-80.46830800039254,25.233121000256233],[-80.468273000232443,25.233184000207032],[-80.468232000224575,25.233258000262296],[-80.468219999630676,25.233425999869194],[-80.468207000110198,25.233602000059655],[-80.467703000320057,25.234221999919821],[-80.467418999739607,25.234481000142658],[-80.467149000301191,25.234727000031612],[-80.466468000060701,25.234979999854016],[-80.465786999820239,25.235048999788059],[-80.465257000090787,25.234819999879782],[-80.465088000036403,25.234840000091229],[-80.464677999957573,25.234890000199147],[-80.463820000165086,25.235898000328547],[-80.462989000136787,25.236220000233601],[-80.461677999709465,25.236450000223964],[-80.460794999802616,25.236818000115971],[-80.459962999949411,25.236795999672374],[-80.459054999928199,25.236519999604734],[-80.458120999967747,25.235969999785809],[-80.456859999769136,25.235101000395534],[-80.456330999864619,25.235190999894176],[-80.456431000322041,25.235444999853453],[-80.456961000051479,25.235858000250516],[-80.457340000168159,25.236360000032253],[-80.457440999552176,25.236844000044091],[-80.457366999932333,25.237609999619782],[-80.456962999701304,25.23833400026135],[-80.456534000254209,25.238816000014459],[-80.455827999899384,25.23904599996812],[-80.455437999912021,25.23909100029676],[-80.455222999826873,25.239116000291592],[-80.454502000301758,25.238994000235728],[-80.454264999576964,25.238954000363901],[-80.453658999679547,25.238404999635303],[-80.453406999784477,25.238358999599296],[-80.452776999597631,25.238702000137543],[-80.452071000141103,25.238932000306917],[-80.451691000199517,25.239554000308985],[-80.45065900032975,25.240240999611203],[-80.449752000133472,25.240448000087337],[-80.448969999610654,25.240747000152652],[-80.448818000173006,25.2407440002263],[-80.447578999715702,25.240721999680787],[-80.446547999670855,25.240289000247603],[-80.445514000151277,25.24019699995916],[-80.444707000412407,25.239808000089511],[-80.444454999619026,25.239899999859844],[-80.444431000227908,25.240068000038011],[-80.444458999816987,25.240156000232119],[-80.444519000091447,25.240276000246396],[-80.444596999909237,25.240399000077129],[-80.444786000055132,25.240626999790852],[-80.444895999659991,25.240737000127027],[-80.444997999767239,25.240811999892877],[-80.445267000279074,25.240927999905409],[-80.445509999953316,25.241163999757291],[-80.445627000129193,25.241473999892417],[-80.445607999862602,25.242484000325593],[-80.445597999816854,25.242729000038494],[-80.445483000189142,25.242918000292043],[-80.44449999982487,25.244069000176385],[-80.444205000272078,25.244199000131097],[-80.44307700014285,25.244312999726919],[-80.441430999979758,25.243940999710066],[-80.441129999680896,25.243668999693405],[-80.439803000258351,25.24298100004043],[-80.439306000140888,25.242508999622448],[-80.439065000116472,25.242105999799612],[-80.438990999598303,25.241220999773329],[-80.439090000230834,25.240929000150214],[-80.439922999908958,25.23983400019063],[-80.44000599974963,25.239434999838949],[-80.439676000036755,25.239314000361379],[-80.439137000086504,25.239544999628844],[-80.438096999820829,25.239777000336645],[-80.437387999991245,25.240468000185299],[-80.436943999577238,25.240645999612269],[-80.43546800019179,25.240694000088727],[-80.43542100033612,25.240682000377678],[-80.435330999924432,25.240658000139437],[-80.435233999840051,25.240632000214585],[-80.435300999787202,25.240560000268612],[-80.435381000153157,25.240497000077784],[-80.435314000205992,25.23992299999469],[-80.43523300001516,25.239232000297722],[-80.434924000218658,25.238824999936039],[-80.434788999601125,25.238594000112752],[-80.434738000445833,25.238411999868873],[-80.434730999874816,25.238374999790434],[-80.43535900041185,25.238374999790434],[-80.435441000427616,25.238374999790434],[-80.43564200026907,25.238191000309179],[-80.435665999660188,25.237796999979693],[-80.435485999735135,25.237295999906546],[-80.435691999599456,25.23706400015114],[-80.435992999898332,25.23672800019672],[-80.436460999703485,25.236228000063907],[-80.436454000030793,25.236180999732778],[-80.436450999657723,25.236148000111847],[-80.436463000251607,25.235948000001311],[-80.436464999901432,25.235918999836077],[-80.436465999726352,25.235893999996303],[-80.43627199955759,25.235762000334535],[-80.43595699991333,25.23581200006323],[-80.435397999871583,25.235844999775406],[-80.434985000318036,25.235903000134261],[-80.434842000202892,25.235895000282532],[-80.434742999570361,25.235924999926873],[-80.434262000244743,25.235949000287082],[-80.434218999688738,25.236003999740397],[-80.434012999824404,25.236120999750479],[-80.433935000006599,25.236165000065427],[-80.433883999952982,25.236194000171974],[-80.433867000234557,25.236203999758771],[-80.433756999731372,25.236263999700142],[-80.433555000064999,25.23637500020428],[-80.433528000300825,25.23639000037441],[-80.433478000072114,25.236416999863465],[-80.433319000063463,25.236503999981984],[-80.433249999568162,25.236542000098265],[-80.433211999933334,25.236688999858892],[-80.43319699986472,25.236719000119866],[-80.433150999833956,25.236720999866129],[-80.432922000403423,25.236752999864972],[-80.432846000235443,25.236764999963921],[-80.432686000401873,25.2367690002675],[-80.432570999875821,25.236763000218357],[-80.432380999905021,25.236726999917348],[-80.432343000270194,25.236725000171148],[-80.432227999744157,25.236690999605663],[-80.432151999576163,25.236670000231502],[-80.432120999614028,25.236650000321138],[-80.432045000344374,25.236653999815903],[-80.432006999811207,25.236649000041119],[-80.431923000145616,25.236627999847137],[-80.431739999847522,25.236575999892885],[-80.431686000319161,25.23655299993727],[-80.431632999717394,25.236534000288597],[-80.431601999755259,25.236514999824426],[-80.431571999618029,25.236491999857236],[-80.43151100041699,25.236464000103336],[-80.431435000248996,25.236422999929683],[-80.431395999890924,25.236410000327556],[-80.431365999753709,25.236379999990337],[-80.431334999791559,25.236361000314627],[-80.431243999554979,25.236289000276379],[-80.431212999592844,25.23626499998333],[-80.431190000026618,25.236237999647916],[-80.431144999820773,25.236178999977621],[-80.431113999858624,25.236157999702435],[-80.431083999721409,25.23614099974785],[-80.430962000420976,25.236074999662716],[-80.430877999857074,25.23602900037012],[-80.430855000290862,25.236001999982328],[-80.430831999826324,25.235972999829979],[-80.430794000191483,25.235909999699341],[-80.430755999658345,25.235897000042371],[-80.430717000198598,25.235897000042371],[-80.430678999665446,25.235890999950186],[-80.430527000227812,25.235855000203482],[-80.430336000432092,25.235822999968274],[-80.430297999898954,25.235810999776337],[-80.430221999730961,25.235810999776337],[-80.430144999738076,25.235816999872441],[-80.430102999905273,25.235810000302017],[-80.429916000307529,25.235750000136569],[-80.429877999774376,25.235744000037133],[-80.429801999606383,25.235745999799452],[-80.429649000343829,25.23572500026204],[-80.429610999810677,25.235710000009814],[-80.42957300017585,25.235699000094563],[-80.429374999809127,25.235682000075794],[-80.429306000212165,25.235660999714757],[-80.429086000104121,25.235736999649905],[-80.428963000080486,25.235792000011688],[-80.428696000116787,25.23570800024692],[-80.428429999978007,25.235778000054928],[-80.428291000060838,25.235850999869839],[-80.428260999923623,25.236000000224209],[-80.428256999725662,25.236051000139959],[-80.428172000235151,25.236080999745806],[-80.42758700025415,25.236261999946336],[-80.426876999701349,25.236412000078921],[-80.425818000067409,25.23638799981012],[-80.425721999807948,25.236386000058349],[-80.424724000273372,25.236360000032253],[-80.42451599986093,25.236355999715226],[-80.424457000309687,25.236352999680484],[-80.424372999745785,25.236373999921994],[-80.418870000265329,25.236309999716369],[-80.418831999732177,25.237619999902687],[-80.418649000332394,25.244749000088184],[-80.413355000190975,25.250388999930848],[-80.412933000416587,25.250929999655071],[-80.410954999992484,25.253466000073249],[-80.410420000240194,25.253463999790071],[-80.399693999865136,25.253429999845736],[-80.398788000392074,25.253427000232506],[-80.398421999795872,25.253468999685477],[-80.398139999763572,25.253474999722243],[-80.398009000242325,25.25347700000523],[-80.394931000176399,25.253537000355305],[-80.394932999826224,25.253788999876978],[-80.395080999964222,25.272936999728522],[-80.379817000031309,25.287207000304015],[-80.379797999764733,25.287225000283957],[-80.379545999869663,25.287469999880589],[-80.379149000209622,25.287858999768314],[-80.379057999973028,25.291108999802436],[-80.379076000414685,25.291404999897217],[-80.37907899988943,25.291450000314811],[-80.379092000308219,25.291673999888928],[-80.379099999805817,25.291813999920272],[-80.379104999828698,25.291898999686392],[-80.379128000293235,25.292291000263788],[-80.379228999677238,25.293961000399801],[-80.379231000225403,25.293992999933657],[-80.379259999639402,25.294501000235034],[-80.379294999799498,25.295073000162652],[-80.379298000172554,25.295134999850735],[-80.379400000279787,25.296829000307074],[-80.379196000065292,25.301684999693023],[-80.379021000163107,25.305894999618911],[-80.378000000164008,25.305879000205852],[-80.377128999952717,25.305865999919831],[-80.376993000408604,25.305863999688292],[-80.37687200003478,25.305865000210108],[-80.371981000299513,25.305927999772091],[-80.372008000063687,25.307194999891269],[-80.372121000041588,25.310215000173912],[-80.370746000040171,25.310788000322496],[-80.362541000237414,25.314206000208181],[-80.343317000156659,25.321755999741523],[-80.341552000167894,25.322448999656707],[-80.338468000254196,25.323743000296115],[-80.32899600040507,25.327719000075941],[-80.295829999791039,25.341639999836719],[-80.269607999679479,25.352452999851383],[-80.269118999957968,25.352661999856153],[-80.266835999935338,25.353630000123346],[-80.265471999804546,25.354296000134578],[-80.265132999870829,25.354306999848003],[-80.264717999769147,25.354318999681823],[-80.264449999980542,25.354327999962305],[-80.263873000395449,25.354291000338318],[-80.263632000371018,25.354231000331591],[-80.263474000187273,25.354191000310568],[-80.263274000170725,25.354191000310568],[-80.263084000199925,25.354144000228363],[-80.262874000137657,25.354091000200114],[-80.262773999680221,25.354091000200114],[-80.26252099996023,25.354027999722781],[-80.262373999647139,25.353991000006964],[-80.261373999564441,25.353491000236072],[-80.260873999972233,25.353191000355292],[-80.259874999714441,25.352791000168192],[-80.259473000031534,25.352490000037808],[-80.259073999823357,25.35219100024797],[-80.258601999820257,25.351954999685464],[-80.257273999674496,25.351293000355227],[-80.256475000331562,25.350691000005899],[-80.256174999857592,25.350191000390868],[-80.255875000281947,25.349792000181104],[-80.255675000265384,25.349392000116474],[-80.255374999791414,25.348892000001801],[-80.255183999995708,25.348413999943666],[-80.254974999758346,25.347892000065926],[-80.254926000252865,25.347648000255539],[-80.254835000016271,25.347292000194873],[-80.254696000099088,25.346943999733917],[-80.254589999793879,25.346708999670472],[-80.254390999602236,25.346255999748781],[-80.25434200009677,25.346103000101635],[-80.254239000164603,25.345785999739288],[-80.254070999935109,25.345415000203964],[-80.253886999812096,25.344988999988391],[-80.253704000412313,25.344609000252898],[-80.253423000204918,25.344227999930702],[-80.253239000081876,25.343938999648806],[-80.253040999715182,25.343593999913949],[-80.252766000253885,25.343312999817012],[-80.252453000259436,25.343004000358178],[-80.251987999929028,25.34254200001822],[-80.251727999638035,25.342405000005286],[-80.251582999873079,25.342326999875262],[-80.251276999551308,25.341667000259321],[-80.250224999590088,25.339367000057152],[-80.249596999951351,25.339451000314167],[-80.248960000091813,25.339534000269218],[-80.246559999893336,25.339850999964845],[-80.246046000057419,25.339917999858258],[-80.244444000275266,25.340131999984148],[-80.242858000386633,25.340341000170426],[-80.241572999898594,25.340510000321217],[-80.23985599959039,25.340735999769663],[-80.229532999621469,25.342094999628451],[-80.191424000291974,25.347118999864566],[-80.187058000263264,25.347694000250797],[-80.183939000189454,25.348168000030007],[-80.183871000417398,25.348183000177681],[-80.183689999769115,25.349529999683433],[-80.18253999989858,25.3519700001752],[-80.181870000427082,25.353510000235932],[-80.180389999945348,25.357029999667439],[-80.179080000241242,25.360449999986436],[-80.177700000216944,25.364099999932026],[-80.176560000392158,25.366869999965868],[-80.175819999702114,25.367540000134721],[-80.173940000085622,25.369330000271436],[-80.172440000410731,25.370919999974884],[-80.171810000223871,25.371410000091728],[-80.168939999672105,25.373599999730324],[-80.166979999689673,25.37528999975352],[-80.164550000252262,25.377620000301238],[-80.162410000344778,25.379939999825734],[-80.160929999863029,25.381770000303082],[-80.159400000050894,25.383790000243234],[-80.158100000392551,25.385730000228207],[-80.156900000293305,25.387710000183279],[-80.156199999786253,25.388939999715536],[-80.155360000435422,25.390269999980202],[-80.154360000352725,25.391929999656661],[-80.15291000000822,25.394659999736984],[-80.151639999588781,25.39746000030334],[-80.150560000038453,25.400319999880058],[-80.149770000018009,25.402870000372349],[-80.149169999968393,25.405279999671599],[-80.148899999631652,25.406579999607086],[-80.148699999615118,25.407700000363739],[-80.1485299997358,25.408830000404912],[-80.148210000068659,25.411840000248244],[-80.148119999656984,25.413449999914864],[-80.147260000214686,25.415240000143626],[-80.146389999828301,25.417119999619459],[-80.145510000294507,25.419200000357748],[-80.144799999741721,25.420340000353683],[-80.143530000220579,25.422500000161122],[-80.1421300001048,25.425030000193313],[-80.140810000354961,25.427809999983385],[-80.139689999723345,25.430640000169529],[-80.13910399991741,25.433100999850861],[-80.135369999725384,25.433820000321834],[-80.131609999594062,25.43489000005826],[-80.127369999962056,25.436439999615803],[-80.12436999971392,25.437760000184781],[-80.120580000343708,25.43972999965413],[-80.11708999965083,25.441819999996913],[-80.114589999893212,25.443549999661169],[-80.111429999811534,25.446050000288142],[-80.108920000008169,25.448339999692969],[-80.105410000122134,25.452110000314001],[-80.102650000073538,25.455690000099196],[-80.100649999908114,25.458809999940353],[-80.098380000304275,25.463090000151645],[-80.097039999564643,25.466289999915556],[-80.095519999798256,25.471030000231398],[-80.094559999898522,25.475670000386991],[-80.094139999773958,25.479249999837847],[-80.093959999848906,25.482660000360713],[-80.094010000077603,25.485690000079639],[-80.094309999653248,25.489089999792139],[-80.095060000389026,25.493389999693406],[-80.095519999798256,25.495239999857294],[-80.096000000197265,25.496899999766583],[-80.096929999959769,25.499609999790859],[-80.097869999768022,25.501920000196254],[-80.098930000125193,25.504190000239056],[-80.100809999741685,25.507559999828491],[-80.103080000243835,25.510979999987175],[-80.105499999635498,25.514069999679862],[-80.108039999576079,25.516830000052302],[-80.110330000169711,25.519009999734749],[-80.113229999960396,25.521439999668431],[-80.115149999759865,25.522870000261356],[-80.115410000050872,25.525109999759149],[-80.115569999884443,25.526659999866659],[-80.115090000383731,25.528509999774332],[-80.114690000350649,25.529780000053304],[-80.113860000147255,25.531899999637488],[-80.112809999835832,25.535149999612518],[-80.11224999996918,25.537350000003034],[-80.111870000027594,25.539200000390935],[-80.111673000384087,25.540300999886107],[-80.110799999624675,25.542010000123721],[-80.110550000277726,25.542530000165367],[-80.109540000149295,25.544789999675427],[-80.108590000295308,25.547260000114697],[-80.107329999921603,25.550240000153067],[-80.106020000217498,25.553609999887918],[-80.105070000363497,25.55668999983796],[-80.1044999995528,25.559079999667009],[-80.103999999960593,25.561869999748918],[-80.103650000156222,25.564880000129357],[-80.103510000414147,25.567519999923988],[-80.103539999653066,25.570740000062006],[-80.103809999989807,25.573940000334996],[-80.104300000434563,25.577119999901019],[-80.104779999935275,25.579360000143062],[-80.105270000380045,25.581189999751086],[-80.104979999951809,25.582879999863604],[-80.104779999935275,25.584380000290757],[-80.10461000005597,25.586270000375162],[-80.104509999598534,25.587980000115532],[-80.104490000405363,25.590060000373914],[-80.104559999827245,25.592150000209383],[-80.104759999843793,25.594610000339628],[-80.105129999739646,25.597240000198543],[-80.105650000321646,25.599850000043233],[-80.106220000234032,25.602059999863261],[-80.107059999584848,25.604729999736904],[-80.107770000137648,25.606630000396418],[-80.103999999960593,25.646129999639044],[-80.103729999623866,25.648850000376019],[-80.103100000335317,25.650040000131177],[-80.102330000406383,25.65159999977077],[-80.101120000261389,25.654420000364826],[-80.100449999891566,25.656209999864718],[-80.100145000293054,25.657313999735489],[-80.09924999979232,25.66022000022172],[-80.098800000428838,25.662260000068866],[-80.098429999634675,25.664310000364239],[-80.098120000013282,25.666360000232984],[-80.097869999768022,25.668419999854628],[-80.0977199999802,25.670670000358303],[-80.097669999751474,25.673299999785225],[-80.09768999984297,25.674230000200389],[-80.097790000300392,25.676110000197937],[-80.09799000031694,25.67816999972559],[-80.098130000059015,25.679459999883498],[-80.098340000121311,25.680939999700946],[-80.098560000229327,25.682219999991126],[-80.098699999971416,25.682950000260668],[-80.098859999804986,25.684220000339288],[-80.098320000029815,25.685410000085504],[-80.097869999768022,25.686439999602403],[-80.097190000250762,25.688009999982544],[-80.096580000155413,25.689420000186864],[-80.096160000030835,25.690489999645948],[-80.095570000026953,25.692109999960842],[-80.095159999948137,25.693390000035965],[-80.094739999823574,25.694850000046625],[-80.094410000110685,25.696150000381866],[-80.094149999819692,25.697260000045453],[-80.093890000426995,25.698559999971462],[-80.093729999695114,25.699499999904759],[-80.09355999981581,25.700629999722938],[-80.093389999936491,25.701939999883734],[-80.093240000148668,25.703640000337185],[-80.093139999691232,25.705920000232616],[-80.093129999645498,25.707619999691456],[-80.093030000086387,25.708750000127729],[-80.092840000115586,25.709859999664829],[-80.092640000099053,25.711170000221315],[-80.092369999762298,25.71323000035224],[-80.092100000323867,25.715489999684138],[-80.091939999591986,25.717780000049288],[-80.091840000032875,25.719800000186979],[-80.09177999975843,25.721109999744286],[-80.088259999826619,25.723659999729598],[-80.086410000347342,25.725190000182998],[-80.084489999649563,25.726940000083918],[-80.082800000003871,25.728620000263099],[-80.081589999858878,25.729929999774644],[-80.08080999988421,25.730819999727274],[-80.079799999755764,25.73203999961995],[-80.078720000205422,25.733439999763434],[-80.077920000139272,25.734550000337396],[-80.077140000164562,25.735679999846742],[-80.076099999898901,25.737330000150774],[-80.075509999895019,25.738330000319582],[-80.074659999600144,25.739859999715843],[-80.073879999625461,25.741409999887896],[-80.073149999879504,25.742989999635487],[-80.072480000408007,25.744589999929946],[-80.071939999734511,25.746030000059847],[-80.071110000429442,25.748580000337224],[-80.070609999938938,25.750420000113184],[-80.07028299970078,25.75180199974006],[-80.07011000034673,25.752650000135855],[-80.069900000284449,25.753779999856174],[-80.06961999990196,25.755659999725356],[-80.06942999993116,25.757360000045743],[-80.069330000372048,25.758500000153987],[-80.069270000097603,25.759820000146906],[-80.069239999960374,25.761719999919208],[-80.069280000143337,25.763430000333909],[-80.069330000372048,25.76437999980935],[-80.06942999993116,25.765710000055833],[-80.069579999718997,25.767029999976259],[-80.069789999781278,25.768539999688205],[-80.070120000392464,25.770409999936636],[-80.070480000242583,25.772090000258395],[-80.070910000412908,25.773749999799136],[-80.071240000125783,25.774849999713563],[-80.071759999809458,25.776480000286529],[-80.072270000345711,25.777870000141814],[-80.072549999829874,25.778570000345503],[-80.072620000150081,25.779280000227246],[-80.072549999829874,25.779810000251505],[-80.072450000270763,25.780529999650426],[-80.072389999996304,25.781070000174058],[-80.072329999721845,25.781620000232657],[-80.072119999659563,25.782539999615754],[-80.071949999780259,25.783279999902589],[-80.071739999717963,25.784399999906178],[-80.071559999792925,25.785519999848841],[-80.07119999994282,25.786599999916291],[-80.070919999560331,25.787499999739193],[-80.07072000044208,25.788229999997924],[-80.070619999984672,25.788599999953142],[-80.070470000196849,25.789149999873512],[-80.070290000271783,25.789879999680856],[-80.070080000209501,25.790799999696148],[-80.069860000101471,25.791529999860085],[-80.069579999718997,25.792250000095432],[-80.069439999976908,25.792599999933614],[-80.068989999715114,25.793870000005899],[-80.06852000026015,25.795330000092036],[-80.068150000364284,25.796609999955702],[-80.067819999753098,25.797919999987421],[-80.067479999994475,25.799390000022292],[-80.067229999749216,25.800700000062701],[-80.0669600003108,25.802390000234976],[-80.066750000248504,25.804089999858693],[-80.066609999608104,25.805800000118754],[-80.06655000023197,25.807120000312274],[-80.066520000094727,25.808639999644569],[-80.066489999957511,25.809780000296648],[-80.066320000078193,25.810520000381683],[-80.06614000015314,25.811460000075538],[-80.065940000136607,25.812569999710689],[-80.065760000211526,25.813690000362197],[-80.065560000195006,25.81537999963145],[-80.06545999973757,25.816520000113446],[-80.065370000224192,25.818030000400526],[-80.065229999583806,25.819249999905356],[-80.065119999978947,25.82036999965305],[-80.064990000282606,25.822059999825768],[-80.064940000053895,25.82375000013575],[-80.064930000008147,25.824689999944496],[-80.064950000099643,25.825630000375885],[-80.064889999825169,25.826760000219618],[-80.064770000174576,25.82788000008301],[-80.064649999625658,25.82939000023465],[-80.064509999883583,25.831080000210697],[-80.064410000324472,25.832009999865377],[-80.06427999972982,25.833499999806399],[-80.064249999592576,25.834239999626291],[-80.06420000026219,25.834990000392921],[-80.064190000216442,25.835549999903243],[-80.064180000170708,25.836480000006382],[-80.064180000170708,25.837219999787305],[-80.06420000026219,25.83816999980175],[-80.064249999592576,25.838910000332479],[-80.064259999638324,25.83929000003015],[-80.064160000079212,25.839650000277494],[-80.064030000382871,25.840210000371449],[-80.063899999788219,25.84076000000594],[-80.063780000137612,25.841319999696829],[-80.063650000441271,25.841879999970839],[-80.063549999983849,25.842440000019451],[-80.063390000150278,25.843370000133699],[-80.06326999960136,25.844119999620574],[-80.063119999813551,25.845249999968171],[-80.063050000391641,25.845810000232312],[-80.062959999979967,25.846759999986865],[-80.06288999965976,25.847699999739383],[-80.062850000375107,25.848270000130505],[-80.062800000146396,25.849589999764579],[-80.062790000100648,25.850720000399495],[-80.062790000100648,25.851860000042691],[-80.062820000237892,25.852619999896987],[-80.062879999614026,25.85374999987167],[-80.062949999934233,25.854689999842311],[-80.063000000162944,25.8552599996849],[-80.063069999584826,25.85602000032015],[-80.063149999950753,25.856579999704291],[-80.063230000316693,25.857139999669371],[-80.06326999960136,25.85741800034705],[-80.063309999784337,25.857700000215306],[-80.06345999957216,25.858640000307101],[-80.063529999892353,25.859010000167828],[-80.063669999634456,25.859759999893768],[-80.06379000018336,25.860320000153724],[-80.063909999833953,25.860870000035149],[-80.063939999971183,25.861439999989596],[-80.063939999971183,25.861820000048869],[-80.06398000015416,25.862199999694774],[-80.064030000382871,25.862960000171451],[-80.064109999850501,25.863889999764151],[-80.064220000353671,25.864829999938319],[-80.064340000004265,25.865760000173971],[-80.064449999609124,25.866509999908981],[-80.06458000020379,25.86725000012315],[-80.064600000295258,25.867630000092628],[-80.064570000158042,25.868190000245207],[-80.064550000066546,25.868750000168721],[-80.064540000020813,25.869509999745862],[-80.064519999929317,25.870639999917209],[-80.064540000020813,25.871200000353276],[-80.064550000066546,25.871950000315543],[-80.064590000249524,25.872710000324059],[-80.064649999625658,25.873649999846123],[-80.064729999991599,25.874580000172614],[-80.064830000449035,25.875529999890706],[-80.064950000099643,25.876459999964801],[-80.065079999795984,25.877389999990868],[-80.06523999962954,25.878319999968593],[-80.06538000026994,25.879059999759871],[-80.065530000057777,25.879799999764046],[-80.065669999799852,25.880879999749105],[-80.065720000028577,25.881240000243412],[-80.065689999891347,25.88143000010675],[-80.065639999662636,25.881980000327481],[-80.065590000332236,25.882540000344974],[-80.065530000057777,25.88329000023494],[-80.065499999920533,25.883849999697429],[-80.065469999783318,25.884409999736906],[-80.065449999691822,25.885150000160504],[-80.06542999960034,25.88589999963645],[-80.06542999960034,25.886650000005574],[-80.065439999646088,25.887209999695969],[-80.065479999829066,25.888329999997957],[-80.065499999920533,25.888889999801233],[-80.06557000024074,25.889819999724519],[-80.06560000037797,25.890189999724925],[-80.065489999874799,25.890560000181921],[-80.065439999646088,25.890740000356228],[-80.065289999858251,25.891290000041248],[-80.065089999841732,25.892113000273095],[-80.064879999779436,25.892949999743191],[-80.064639999579924,25.894069999730725],[-80.064400000278724,25.895369999982602],[-80.064230000399419,25.896480000072444],[-80.064030000382871,25.898000000272468],[-80.063879999696724,25.899699999727225],[-80.063780000137612,25.90158000035213],[-80.06376000004613,25.903279999944669],[-80.063780000137612,25.904599999912342],[-80.063879999696724,25.906299999622576],[-80.064030000382871,25.907999999882939],[-80.064119999896235,25.908740000270775],[-80.064309999867049,25.910049999717234],[-80.064600000295258,25.911730000299698],[-80.064909999916679,25.913209999723012],[-80.065166999834616,25.91423599990846],[-80.06542999960034,25.915229999925291],[-80.065345999934763,25.915485999910732],[-80.065212999865366,25.915891000207488],[-80.065069999750222,25.916330000306665],[-80.064849999642192,25.917059999896971],[-80.064689999808635,25.917609999701988],[-80.064540000020813,25.918170000319613],[-80.064249999592576,25.919279999987463],[-80.063990000199894,25.920399999665197],[-80.063872000199112,25.92101399961722],[-80.063479999663656,25.92321000009759],[-80.06319000013373,25.925479999970872],[-80.063030000300174,25.927570000304645],[-80.0629700000257,25.929470000173193],[-80.063010000208678,25.93195000036134],[-80.063159999996515,25.934230000321143],[-80.06348999970939,25.936870000170369],[-80.063849999559508,25.938939999632058],[-80.064089999759005,25.940059999882926],[-80.064210000307924,25.940810000004564],[-80.064180000170708,25.941179999985611],[-80.064119999896235,25.94211000037285],[-80.064069999667524,25.943780000015252],[-80.064030000382871,25.94515000027528],[-80.063889999742486,25.945900000293971],[-80.063689999725923,25.947009999665173],[-80.06341000024176,25.949070000284813],[-80.063230000316693,25.951130000403083],[-80.063129999859285,25.953559999868471],[-80.063069999584826,25.95674999978025],[-80.063030000300174,25.960519999743287],[-80.063099999722041,25.962759999833846],[-80.062990000117196,25.963879999637964],[-80.062850000375107,25.966699999882554],[-80.062840000329373,25.967459999892771],[-80.062840000329373,25.96802000015915],[-80.062860000420855,25.968959999978267],[-80.06288999965976,25.969900000362252],[-80.062939999888499,25.97047000006393],[-80.0629700000257,25.971029999730508],[-80.062980000071448,25.971220000266303],[-80.063030000300174,25.971780000400194],[-80.063099999722041,25.972530000325502],[-80.063170000042248,25.973089999875427],[-80.063319999830071,25.974209999859578],[-80.063349999967301,25.974400000103831],[-80.063227999768571,25.974971000384617],[-80.063159999996515,25.975329999676301],[-80.063050000391641,25.975889999622641],[-80.062990000117196,25.976270000028762],[-80.062893000032815,25.976808999754667],[-80.062790000100648,25.977580000367414],[-80.062600000129862,25.978679999877915],[-80.062380000021818,25.980140000087765],[-80.062139999822321,25.981970000079809],[-80.061889999577062,25.98306000022297],[-80.061499999589728,25.985100000159626],[-80.061319999664676,25.986219999606273],[-80.061280000380023,25.986589999746077],[-80.061149999785357,25.987710000337916],[-80.061070000317727,25.98846000039892],[-80.060979999906053,25.989580000128651],[-80.060909999585846,25.99088999992469],[-80.060900000438409,25.991830000216872],[-80.060880000346927,25.992950000128655],[-80.060900000438409,25.994040000189035],[-80.060939999723075,25.994950000065778],[-80.060490000359579,25.999459999900157],[-80.060440000130882,26.000009999890931],[-80.060379999856423,26.000770000162056],[-80.060319999581964,26.001700000220655],[-80.060290000343045,26.00244999980108],[-80.060270000251563,26.003200000244334],[-80.060220000022852,26.006060000181474],[-80.059949999686111,26.008480000070666],[-80.059920000447192,26.008809999898109],[-80.059880000264215,26.009309999753434],[-80.059369999727963,26.014759999675626],[-80.059339999590733,26.015079999629016],[-80.059300000306081,26.015749999935522],[-80.058680000164969,26.024319999812963],[-80.058300000223383,26.029299999916137],[-80.058280000131901,26.029770000246128],[-80.058260000040406,26.02993000004907],[-80.057930000327516,26.03515000014491],[-80.057860000007338,26.035899999916037],[-80.057350000369382,26.041699999600496],[-80.056970000427796,26.045700000141537],[-80.056130000178655,26.051469999773182],[-80.056029999721233,26.052220000072104],[-80.055950000253603,26.052969999606827],[-80.055879999933381,26.053539999691129],[-80.05577000032855,26.05485999977633],[-80.055720000099839,26.055619999928251],[-80.055259999792284,26.064369999840981],[-80.054659999742668,26.071120000007515],[-80.054610000412268,26.071649999737836],[-80.054550000137809,26.072559999678194],[-80.054530000046327,26.073119999788585],[-80.054279999801068,26.073629999677017],[-80.053889999813734,26.074510000289216],[-80.053600000283808,26.075220000354452],[-80.0533099998556,26.075930000148603],[-80.05289999977677,26.07700000001196],[-80.052390000138828,26.078389999633867],[-80.051769999997717,26.080109999805156],[-80.051289999598694,26.081550000251802],[-80.05082000014373,26.083210000255516],[-80.050450000247878,26.084690000081142],[-80.050100000443507,26.086369999837107],[-80.049779999878055,26.088230000191434],[-80.049539999678544,26.090110000105565],[-80.049399999936455,26.091620000340178],[-80.049349999707758,26.092379999929801],[-80.049329999616248,26.092759999890145],[-80.049310000423091,26.093140000229791],[-80.049290000331595,26.094070000312488],[-80.049280000285847,26.095410000156747],[-80.049329999616248,26.097109999772069],[-80.049430000073698,26.098620000008758],[-80.049569999815773,26.100130000112475],[-80.049690000364691,26.101060000284022],[-80.049539999678544,26.101810000005763],[-80.049319999570514,26.102920000221264],[-80.049139999645462,26.104030000387592],[-80.04892999958318,26.105520000150516],[-80.048729999566632,26.10757000010048],[-80.048630000007535,26.109449999736427],[-80.048609999916039,26.110379999994471],[-80.048510000356913,26.117030000181408],[-80.047839999987119,26.122520000330375],[-80.047650000016304,26.124159999673576],[-80.047510000274229,26.125260000330638],[-80.047399999771045,26.126560000218479],[-80.047340000394911,26.127649999998866],[-80.047300000211933,26.128760000014502],[-80.047209999800259,26.132949999996704],[-80.046540000328747,26.13854999964002],[-80.045720000171087,26.143450000268494],[-80.043858000097927,26.152990000162902],[-80.043109999910314,26.156820000390848],[-80.042970000168239,26.157570000167002],[-80.042790000243187,26.158690000155527],[-80.04261000031812,26.160000000024947],[-80.042430000393068,26.161700000005361],[-80.04233999998138,26.163020000184314],[-80.042190000193557,26.165820000339032],[-80.042099999781854,26.166730000124801],[-80.041990000177023,26.167279999927924],[-80.041749999977498,26.168520000022632],[-80.041560000006712,26.169600000128135],[-80.041390000127393,26.170790000216375],[-80.040660000381422,26.172520000042088],[-80.040329999770222,26.173390000086226],[-80.039889999554177,26.174619999634057],[-80.039389999961969,26.176220000113293],[-80.038830000095331,26.178250000119757],[-80.03852999962136,26.179540000249446],[-80.038159999725508,26.181410000051731],[-80.037870000195596,26.183289999798728],[-80.037680000224796,26.184990000384108],[-80.037530000436973,26.187080000400716],[-80.037480000208248,26.189170000006133],[-80.037539999584396,26.191440000257643],[-80.037710000362026,26.193719999835682],[-80.037989999846189,26.195980000241931],[-80.038110000395108,26.196740000154659],[-80.03776999973816,26.197810000215505],[-80.037419999933789,26.199079999836862],[-80.03718999978004,26.19999000026916],[-80.036930000387343,26.201079999902426],[-80.036710000279299,26.202190000038225],[-80.036595999578196,26.202880999610791],[-80.036449999988307,26.203480000253915],[-80.03613000032118,26.205159999836795],[-80.035890000121668,26.206849999874137],[-80.03572000024235,26.208359999940892],[-80.035629999830661,26.209489999756741],[-80.03546999999709,26.210220000259689],[-80.035189999614616,26.211330000287717],[-80.034979999552334,26.212250000121752],[-80.034669999930941,26.213729999661464],[-80.034370000355281,26.215600000158407],[-80.034170000338733,26.216709999643147],[-80.033649999756747,26.217960000253449],[-80.032909999965042,26.219940000298351],[-80.032309999915412,26.221769999947735],[-80.031800000277485,26.223609999705211],[-80.031319999878434,26.225659999878335],[-80.030970000074078,26.227529999601796],[-80.030719999828818,26.229229999704163],[-80.030519999812284,26.231120000133046],[-80.030420000253159,26.23245000007617],[-80.030050000357321,26.233129999792062],[-80.029519999729573,26.234159999750641],[-80.028600000012815,26.236060000242883],[-80.027710000433274,26.238169999976247],[-80.027169999759792,26.239600000292896],[-80.026619999938902,26.241229999725377],[-80.026229999951539,26.242500000014015],[-80.026029999935005,26.24324000023551],[-80.025710000267864,26.244520000012564],[-80.025379999656693,26.245999999830175],[-80.025049999943789,26.2478700003165],[-80.024809999744278,26.249550000139369],[-80.024629999819226,26.251239999766153],[-80.024550000351582,26.252560000099759],[-80.024516999841325,26.253523000024995],[-80.024480000031403,26.254239999779212],[-80.024480000031403,26.255169999713743],[-80.024510000168618,26.256660000287006],[-80.024540000305848,26.257959999956281],[-80.024310000152099,26.259250000340707],[-80.024069999952573,26.260920000033948],[-80.023900000073269,26.262410000148922],[-80.023789999570084,26.264080000316802],[-80.02373000019395,26.265579999658481],[-80.02358999955355,26.272209999810954],[-80.023449999811461,26.273879999974994],[-80.02301999964115,26.277340000287136],[-80.022879999899075,26.278469999762297],[-80.022760000248454,26.279979999889473],[-80.022679999882513,26.281689999888766],[-80.022659999791045,26.283399999654264],[-80.022140000107356,26.288229999897119],[-80.022079999832897,26.288779999654889],[-80.015275999970854,26.320956000172124],[-80.014940000410206,26.336143000184325],[-80.014932999839189,26.336455999711863],[-80.014612000347142,26.350983000079903],[-80.014362000101883,26.362235999797971],[-80.011000000353818,26.391127000185698],[-80.006887999870017,26.426456999932338],[-80.006148999903232,26.432809000202688],[-80.002530000237215,26.454530999649528],[-79.999761999792696,26.471141999895583],[-79.998365000049972,26.476160000022823],[-79.997997999628836,26.477477999894948],[-79.996929999774068,26.483707999976922],[-79.996693999772518,26.488491000151427],[-79.996518000045427,26.492950999615047],[-79.99556700036652,26.496064999622345],[-79.994199999862701,26.500348999854037],[-79.993860999928984,26.502945999734361],[-79.993604999835938,26.504893000077377],[-79.993128999634877,26.50853000016421],[-79.992940000387293,26.510004999750567],[-79.991269000109867,26.523025999921806],[-79.988543000396447,26.527263999602482],[-79.986309999704218,26.537034999795818],[-79.985261000116026,26.544711999960622],[-79.985275000359735,26.544973000228399],[-79.98551300001111,26.549383999818261],[-79.985875000409365,26.550886999824456],[-79.985109999604973,26.55378600025761],[-79.984118999743117,26.560926000138799],[-79.982475999953067,26.569246999770108],[-79.982090000163709,26.579610000376867],[-79.981680999909784,26.584028000028891],[-79.981386000356991,26.587213999954429],[-79.981340000326242,26.58771599969014],[-79.980721999834955,26.594623999731411],[-79.980648000215112,26.595447000061217],[-79.980675999804205,26.604844000129518],[-79.980987000148815,26.615425999817795],[-79.981074000187462,26.618373999865774],[-79.981296999770223,26.625345000170963],[-79.981176000294695,26.638309999712192],[-79.98127199965586,26.647360999823448],[-79.981302999618009,26.650273000262722],[-79.980879000193795,26.663629999861147],[-79.980263000250631,26.672102000389259],[-79.979904000225446,26.675755000041107],[-79.979735999995953,26.677464000338503],[-79.97837299969008,26.682929000230029],[-79.976539999929258,26.687478999628535],[-79.975720999596518,26.692089000051674],[-79.974894999591086,26.697502999986888],[-79.974728000084824,26.702598000237892],[-79.97473300010769,26.707535000296456],[-79.97473399993261,26.70823100012181],[-79.97695099983298,26.713445999663616],[-79.977581999844759,26.716077999901408],[-79.978371000040255,26.721917999743273],[-79.97864100037701,26.723917000081812],[-79.979152999664748,26.726709000240291],[-79.978677000362012,26.7327679996604],[-79.979023999793327,26.740226999864557],[-79.979439999719943,26.746774000209289],[-79.979649999782239,26.750341000078308],[-79.977129000108221,26.75629499997585],[-79.975556999564972,26.764988999994717],[-79.975009000292232,26.772932000249359],[-79.974880000420782,26.774810000080276],[-79.975467999876528,26.779211999800008],[-79.975465000401783,26.780811999636136],[-79.975462999853647,26.781680999971293],[-79.974856999956259,26.786027999686862],[-79.974306000310435,26.792414999790587],[-79.975425000218806,26.800250000240904],[-79.977739000203584,26.808730999630935],[-79.979334000313045,26.814223000364279],[-79.98361800032599,26.82896599997596],[-79.985098999734319,26.835835000306812],[-79.985313999819482,26.836632999711895],[-79.989730000076904,26.853010000150174],[-79.990798999756592,26.85655199964533],[-79.990828000068902,26.858837999707433],[-79.990850999635128,26.860631000113376],[-79.991916999840072,26.866374000205521],[-79.993518999622225,26.873028999919406],[-79.993912999807506,26.875336999742849],[-79.996462999793849,26.881809999836456],[-79.996595999863231,26.882230000122764]]]},"properties":{"NAME":"Miami-Fort Lauderdale-West Palm Beach, FL Metro Area","GEOID":"33100"}}]}